file.hash.sha256,file.hash.md5,destination.ip,url.domain,url.original
"""b0874e98a3b25ffc94279b765c2442bb4ec1e4d3bfc3b13d90bdba7d0ac78fc5""","""a9b65e5f48e5a03080aa2599d2f43c05""","""34.168.13.156""","""sssssoj9u99uy-54788.portmap.io""","""https://t.me/r9382h7g987h3"""
"""b9ab530d16e94ead2c87e3db86b0f1b2ba5323417e0dcfd1b4f147b67ff8a8ec""","""30c74ff0e03d41dcf43257fe54467a02""","""31.131.18.50""","""screen-squad.gl.at.ply.gg""","""https://matkdpy.xyz/axkz"""
"""893e25a855b3e64be7411b460f87d2825405783afbf9edd553f3f09b910cbc04""","""b58814c0d3e05a164e26674647f331d5""","""3.31.173.210""","""country-suggesting.gl.at.ply.gg""","""https://t.me/yaronss"""
"""55c86ef209bd7d2d42746100da078ad65894ac1ff1fc81e1ebab2f04890b6d19""","""c3ce46d40b2893e30bf00fce72c2e1fa""","""185.208.158.168""","""pobikc.com""","""https://t.me/wd3f2r32rewt"""
"""5cbe450a1a7b39daed211b7412d6e29ced8a3e5d08f162ac44fa2bbb089d59aa""","""869f22d468ec657048d8c963d0c379fe""","""172.86.124.75""","""security.flqergoaurd.com""","""https://ribbomv.xyz/agdz"""
"""d7bd305aa246cc22ed3ae0f19f0a96ee947e1c83d663c8f86745831ac9399929""","""054314733888215dd469adcbdee14d46""","""149.74.105.22""","""entoiz.com""","""https://t.me/makig333"""
"""91f426018ec774632f027b3b3e654f3f2074788bfeafdda3426b9a52bb99b25b""","""05299013ef48e5bf6c70d13dd37ddd88""","""140.238.36.122""","""ow5dirasuek.com""","""https://maroui.xyz/twiq"""
"""da94c74095fddae3797e0d004e4ef4bcdb95e247b8a91cd89c7971941b3bf09f""","""d8f694deb7dab13efa540ea6731efccf""","""137.59.200.177""","""mkkuei4kdsz.com""","""https://thicpl.lat/xpak"""
"""849b093bdc1690b43f14eebcc1a7abc9e618589eebe9321a12efd7252da7ee9d""","""8670dc5beb4133a84ea86c250f2ce10b""","""23.249.29.68""","""lousta.net""","""https://abtsi.com/js.php"""
"""8f10d5b2bb98cb3ba3d8169a289dc28da4f50d61d957112100f3af5684a20a44""","""ed6fa9757400a0de9596d59bd0262ebd""","""23.249.29.68""","""standard-suited.gl.at.ply.gg""","""https://renoex.top/lzak"""
"""0e36464650090108754e8c21efcbed3af0b804e294b0a32ba064c622fe93eb5b""","""dfac83994c43a8cba786c678f383e8f3""","""87.121.105.130""","""dofucks.com""","""https://lighri.top/xkja"""
"""b6fee8c2c87ae8ec5bb71f84f1db7dfcaa4c727ac44d0c5dac2cf8bbcd7a8fc2""","""eea61d49ac1bb0aab8a38dba1470ee2f""","""107.150.0.101""","""private115.duckdns.org""","""https://unlfee.xyz/raos"""
"""cc1a8b97b7d6d7f6950b6323f44c52035255f8d83472767e39ee462d6ce91e33""","""c433928566927fb281056a3cda7e2751""","""94.154.35.80""","""onedrive-office.com""","""https://t.me/onepepka"""
"""1f510697b611b3330eae1ab67dabae37e07cd8e336e19ae5d10cd8c97f6ba011""","""f828044c91ac00afffcd77b4ce680857""","""185.156.72.67""","""laiu.org""","""http://124.221.175.251/11.sh"""
"""6636ca994e0dd2fdd93f89298ae179bf67f99887d47af45fdb95f1cc4e38f13d""","""c5cc3c5cef6b382568a54f579b2965ff""","""77.90.153.169""","""danger2026.duckdns.org""","""http://124.221.175.251/start.sh"""
"""5c45ae81c81663d8fdeee60e9f802440976acc73710447d51223e3c8d8685243""","""7a8bec10e0b76544714397b1b134c45c""","""185.196.9.158""","""real9.dynuddns.com""","""https://abtsi.com/4c2v.js"""
"""76702b651e19ab338d0a877e84fcec950c022f5c892e77f9c6e7dbd45a6fae0e""","""811ff9d270089a3fdf2a223e656aee99""","""128.90.113.179""","""w-grant.gl.at.ply.gg""","""http://ct75800.tw1.ru/24e1bab6.php"""
"""c9678babca981db9a389911510c526f399abb450efe1d7e1fb1e01785959d415""","""f954f24e6eb85ef1b64e315491dad816""","""194.62.165.224""","""approach-connection.gl.at.ply.gg""","""http://mobiportal.at/n3ndzy0"""
"""fe79154ff463921a7abf67175ec3abbc2f74b814edb3018a79b20360570813ff""","""f8a72ea0a65f86a865a8b09b49f76fb0""","""196.251.88.20""","""rockstar.dnsframe.com""","""http://artofidea.network/t448dg3uyg3etimwzzper"""
"""d2b8d36c34b07165cdb5da6f135decbe7c6c112b4493224607661ba12693369e""","""df0cf77728db7b41a053fe0fab9bd505""","""196.251.115.202""","""any-arctic.gl.at.ply.gg""","""http://mohamed88.work.gd"""
"""f42a7e778e254a0cfd8d9f6b4856541b090bb4ff4ada15e7d912953c7a4d4a65""","""f1bda525dcb1803b8fb88efd22eda2f2""","""5.252.153.84""","""half-exhibit.gl.at.ply.gg""","""http://hise.us/kenlaw/index.php"""
"""210c39aa4e0b801308150b609fc0acb05af61f03d382989028d00591cd0d89b6""","""3ba89bd7dbada6ce288d99dd6f8b8de5""","""196.251.73.253""","""develop-francis.gl.at.ply.gg""","""https://api.telegram.org/bot7682643446:AAHfbqteoKck9LOs6_4A3yyNAqVK9eo6WcU/sendMessage"""
"""e367cf7cbe83632468be2b5b7716037fab244eff56428cbcada6b8d56678cb19""","""88e332e259b78210bbf56ee417dce6c3""","""116.193.170.78""","""yourself-snowboard.gl.at.ply.gg""","""https://api.telegram.org/bot7618161884:AAF-wemgcyMZTBRFy7fs5GPirQBMWt-j5Rk/sendMessage"""
"""6860d967ff9a64b95b6a30815075c8e04e33e3ccf7af654eecd07c87cb02604d""","""215a7c28d07eb446eaee352ac2af62a3""","""128.1.184.179""","""abtsi.com""","""http://foncar.duckdns.org"""
"""95110c52819803c3611906e2111a1858d6d9f4cf39518f0fc7711ad9ab83fbd8""","""be5361057039c171e2870f727c930a35""","""18.201.69.162""","""login.1ms.zip""","""https://api.telegram.org/bot8111070763:AAHti1YKoWNBi9bUyTHYc8ocJG9-fJLe43Y/sendMessage"""
"""a65ba39db7f981c35a9c3e85943730bdc2ed4653326d6afea444ad6d169008e0""","""8a2e26ab771132300b56478fee1dd634""","""47.237.136.112""","""static.login.microsoftonline.1ms.zip""","""https://api.telegram.org/bot7639695571:AAFM13Pyvn3b9L1zzCiskMUXQV8aNymYxZU/sendMessage"""
"""c760f7b973fddcbc81226aa455faf6adc0d456bacbb41deef1927655a3deab49""","""7cc78f1b6c65c6b0cdc57e8a01c7b235""","""113.44.176.164""","""jiuweida.com""","""https://postu-is.cfd/api"""
"""b41f6beb35f8a5527db1ad109879401fd7a851c96048afbcbc6663f22dcb808a""","""65d3a8dbd5a5ee902fee141f467b325a""","""206.238.196.123""","""hcyp.shebeib.com""","""https://amituorm.com/api"""
"""3ad713e8df3c07b7defe240681a7f1cff68ddace0edc9a52ac97fcc97e359710""","""55d87f659e61d135b9f52966715df05c""","""37.187.37.111""","""hcypapiprod.shebeib.com""","""https://rampantovfe.click/api"""
"""9f1a5a90875d136c38a38be4d14200e381e521c075cdd52d69297612a6fa4c38""","""2b5db2277171dc9e45677b0a4b6ac4a7""","""141.98.11.145""","""leexsirzz.safepanel.my.id""","""https://pickupkwrp.live/faku"""
"""89a60fe3ad858ebd74295d00ad5081ca6f5b2f93550bec26d8ea9004f8ce507d""","""fdce2762c69cf4a5e4cb9f6caeb508b8""","""193.31.28.142""","""spyroid.duckdns.org""","""https://haowenfa.com/api"""
"""d3c24ebd635c108d4bf1c92b5e2882e6f0443ac5a3c924ac7a403a7eaed8f284""","""681d2e6fca521c29ac8bf056e5473c4a""","""118.195.141.98""","""susimsusim8-45617.portmap.io""","""http://193.233.126.60/Processdatalife/imagevmto_GameBigloadMultiWindowswordpressdatalife.php"""
"""58229bb6b67db6482d38785d9c774e7aa80380efbf6c462c995a491d8950cd30""","""4a432dac581e5ebf31008f8f7041e96e""","""38.18.229.101""","""apphiller-43156.portmap.io""","""http://108.165.164.231/47f9ee5b.php"""
"""432a77e94e6d181fa501e12d787dfedc8abd7234ed1fac2eb15c2c64591b8786""","""c5af959e620a6641f5e9965a1be215e0""","""128.1.184.179""","""flash-difficulty.gl.at.ply.gg""","""http://212.86.114.150/79973f3cfc114c82.php"""
"""b3488d8c71d5588214ae1cf39e9d9df9499346847edf1b6215ec274d4a1dc2c3""","""f454c52f40d1de3e7f0c9763e21d7d05""","""38.55.124.134""","""add-athletic.gl.at.ply.gg""","""https://swenku.xyz/gaok"""
"""bc613ebbf0fbeb38588ec952f6ff3b0107dcc971f7d593fa16a0e58103b2d310""","""e5f1be8d5b7b33096e8f9ebb413b0466""","""38.55.124.134""","""spynote1111.ddns.net""","""https://ketxsuz.xyz/xpaw"""
"""0ef9b32234bdd873ef9616db97bb95c0fb0816070ffa80a10c1a31c477885010""","""fdeccb927db95a038e0934564282044d""","""172.86.116.71""","""fttpspech-20855.portmap.io""","""http://robinkiss.info/krr.php"""
"""526d3a00ac8e31dcc625d8509afb4b6f509bb52414d58f746193245adcb6fedc""","""318249067514a04331bde3d08785e7b5""","""47.76.129.83""","""they-enemies.gl.at.ply.gg""","""https://giantstruck.icu/bin.php"""
"""5d4cf4b5177ec2c01892a21cbf6bc6418d8cc41ccc42fee5344a09d84f208c62""","""b328ae69291cef117df2d3bfba83e2a2""","""152.136.11.37""","""early-rca.gl.at.ply.gg""","""https://arithmeticvest.icu/bin.php"""
"""91862f03f7591a47743c2800e018929d5040484d08a99eed4ce58ad50e0d88ed""","""4d0c2ba892fd166f6e9001b5adf61022""","""2.59.161.180""","""my-usa.gl.at.ply.gg""","""https://sinkchildren.xyz/bin.php"""
"""6910bb2617af4dcb6a5930451ab95deb5df0093b431686850760764ce9a07833""","""f3a04246ae21015bb91269c68690dbbc""","""101.33.47.68""","""response-agents.gl.at.ply.gg""","""https://producesound.xyz/yuts.php"""
"""2f4184c5d2d05ac343db02b9165cf3535859c1b9fd7a59b8917407c1922aa753""","""1d9feae452cf392ca417d6f3617848bc""","""154.23.221.136""","""m-email.gl.at.ply.gg""","""http://freepcgamee.com/000770f6d40a/index.php"""
"""10d006ddf95ee6f250c2e18da1094b9dd94d6a71682b8a592a26eabe22ad4b6f""","""b77e3902bd93e320e01d8df1d3a858fb""","""43.199.235.160""","""her-workshops.gl.at.ply.gg""","""http://185.156.72.89/tkwmdb/get.php"""
"""83bd0fb7f539c11653148cba6fe35b522a83c4e3b84db47a5a650244101b9506""","""a31e7d2550535d43cb8a27919734b23c""","""86.54.42.154""","""video-tanks.gl.at.ply.gg""","""https://deopins.com/shield.msi"""
"""809f6112191c2be3d9a5e48177ce5a59291b4a33317ee51132190be57f488251""","""146229561a3746053f85aa8a11559eac""","""88.218.0.198""","""l-broadcast.gl.at.ply.gg""","""http://603646cm.nyashvibe.ru/LinehttpcpuprocessorgameServerWindowswordpress.php"""
"""1f4bf252be8dbacfb191bb4480ca3827376bf21d6287cb28032c09b38334c8c6""","""68d8a369cdf2e92c0f7ac2310f633b45""","""185.72.199.90""","""cnc.tacobellfordinner.tk""","""http://109.69.58.22/Javascriptjs_Testtrackwp.php"""
"""4549e2599de3011973fde61052a55e5cdb770348876abc82de14c2d99575790f""","""609554db75e2068d1e1d49b202ae92da""","""13.211.97.137""","""scan.tacobellfordinner.tk""","""https://plapwf.top/agnb"""
"""c17a035b0d04723ed5cf2bef798dfedf86a8228154ae971076e217b9bfe115e7""","""752a495b34b244acc86aba16b6353343""","""207.148.111.155""","""cnc.whiteace.xyz""","""https://urarfx.xyz/twox"""
"""b03e00943853e1c9b3348b8cba43c311d5bccf054ee27391142070e66c047201""","""e245f8d129e8eadb00e165c569a14b71""","""5.252.153.200""","""5k5kat1ka1tna4n6ns.duckdns.org""","""https://unurew.xyz/anhd"""
"""1d4cde59bbebf62c6e857b1d75475e7f68facf44c2afa9bb41fa8e5a06482872""","""4e8f9792dd5abeb31acdb7850e1feb31""","""196.251.117.170""","""5k5kat1ka1tna4n6nsm.duckdns.org""","""https://trsuv.xyz/gait"""
"""5ed87480a69b88d6e7661fc0a26b2aa2b8bade5c94e297aee045f1cd554af85a""",,"""134.122.155.138""","""ts4.kir22.ru""","""https://t.me/asvd213321fasdf"""
"""cde0b09ff8549aed7b0f2626c405a1c278d66fdf76c376dd18f2250d329a88ad""",,"""134.122.155.138""","""dc.xteamking.ga""","""https://sqgzl.xyz/taoa"""
"""7f678d5ef6456002f57a485703a572693e9e9f0092868482f76b81bd3186a10b""",,"""45.192.210.19""","""scan.phazerproxy.online""","""https://pacwpw.xyz/qwpr"""
"""6248468cb5da95a4dad6607fabf74c3609c9ca461d383d436c3faca1a0f1c767""",,"""38.45.124.50""","""booterbotscan.duckdns.org""","""https://liaxn.xyz/nbzh"""
"""cf32088a4f987924ad995ffb0f6adea7c7102217d2dc4b489ed1f41230b0a2bd""",,"""134.122.155.138""","""cute.trumdvfb.com""","""https://comkxjs.xyz/taox"""
"""18385f6342afb1e76aaf51925d43b240bb0b9ec9f120dae43c9563536b68186c""",,"""1.32.249.198""","""scan.301.church""","""https://cexpxg.xyz/airq"""
"""387c8a5af6feceaafdb4cba86c78df3093470226ac10dd37d5ddce9806d670ae""",,"""1.32.249.198""","""cnc.jssaytcp.lat""","""https://atrojr.xyz/tosz"""
"""8eb8824804bb513c1cb1e8a02bc19e2c3d822e6f714e2535a5928c8e27c9e919""",,"""118.107.44.10""","""scan.jssaytcp.lat""","""https://insye.xyz/tieq"""
"""8cd5143dcc091ea8fe3c78fa3f397f3f98bc56e83dc4dfd7d59bc9815024ab7b""",,"""118.107.44.10""","""x.purgepots.net""","""https://viewalyze.ru//"""
"""c4c8acb51f3aa4dea902f6c1538c35f5c7da2b8b541369023a909c58856fa141""",,"""118.107.44.10""","""denemebuba31.duckdns.org""","""https://107.41.mastermaths.com.sg/"""
"""ff34337201b9611f013058f1deef79ee60978fbb8243011e84bb9cffbadae742""",,"""1.32.249.198""","""www.1vex.cn""","""https://91.99.172.104/"""
"""34a2b80854a3d6696bd0863998d23b1674d8f831826321b593acac8d34c3b008""",,"""137.220.224.108""","""booterbotbins.duckdns.org""","""https://m.cpa2go.com/viewDashboard"""
"""5c9094897b5d2bf67cd1c01f29746114d1a2b8253dc010a68cfe9975a7af89c6""",,"""137.220.224.108""","""booterbot.duckdns.org""","""http://83.217.220.30/ProviderJavascriptBigloadLocal.php"""
"""1b5aaee17b27bc9d4d8c87d68ef29bb417b2cc3a675e4c6f835e4202850de100""",,"""137.220.224.108""","""scan.yiffgallery.xyz""","""http://45.66.151.159/"""
"""b01c13969075974f555c8c88023f9abf891f72865ce07efbcee6c2d906d410d5""",,"""195.177.94.101""","""server-me.no-ip.org""","""http://194.4.48.120"""
"""7828303ba8c0cd6094fde0a63819af9cb843f3c71287bbd066f7174cc1373553""",,"""1.13.249.217""","""oxe14.myftp.biz""","""https://wilowiklayd.com/work/"""
"""2111f442284598f4493a588f7463b3a9eb80c0600616097c10ff203bb510fcff""",,"""85.215.55.232""","""cnc.phazerproxy.online""","""https://llojikartid.com/work/"""
"""ae69ab22f9c5765ce1db4b4fa652efa77c8f0b173fa71783d5c7386b37dc4961""",,"""54.251.147.46""","""kw9d0.duckdns.org""","""https://a7.69.mastermaths.com.sg/"""
"""34ecae53abff1ace7ed5f8d4e2fbf773d9d6e080cbda805a84513acca7b97a38""",,"""45.76.65.135""","""sepp101.chickenkiller.com""","""https://computernewb.com/~elijah/bw/bundle.js"""
"""ccd05a8e58d050c2acc5a2ebcbce4273a43342bebf2b72b9b7359ac1f81c4e98""",,"""45.152.65.224""","""strang39fudq.no-ip.biz""","""http://pinarvana.tk/iruka/fre.php"""
"""b42cd709c31f2246264def7055d4ff20b652c3a3fceedd5e685266ce8f52b1bd""",,"""3.31.176.253""","""kc365.no-ip.biz""","""http://www.wns6698.com/hx344/"""
"""8c08d798ccb159e979ac76415b3ea1c97388d019dc0eb13a44a0df03f489d71d""",,"""178.87.199.113""","""pink2010.no-ip.org""","""http://www.www7817v.com/hx344/"""
"""a06c5ee62423ddc830d3f7db1fd53963cdfb938e8ee5fadd4d87bd1f4afaee30""",,"""166.117.55.188""","""metin2.noip.me""","""http://www.wwwq47.com/hx344/"""
"""337a60fa4ee35dcc0a9770ced8e41fc367c64fe349f84a9b1c91c76621c3cbf2""",,"""156.154.121.55""","""prova0010.zapto.org""","""http://www.xue.ltd/hx344/"""
"""18707222ac2a3cf97e4138082c5abb3413923b67d02e67c9db4b7d72f9cc6b7f""",,"""149.88.41.15""","""infectorgfdp.no-ip.biz""","""http://www.zhaofu-duanzi.com/hx344/"""
"""d9f73acfb1f0ac307030f655eb1c2674cb11762629643fe56db051c9a0106a5c""",,"""13.234.170.20""","""hit007.zapto.org""","""http://www.zurich-host.com/hx344/"""
"""86b710fbb5e8bb1979a775f16390a0edec183f9b29e335504c29dc9ef1281fe9""",,"""185.241.208.184""","""llllxxxxxxxllll.zapto.org""","""http://www.stevehurtz.photography/hx344/"""
"""615ef7ec48549d8fe5d6ffcad29f64fccde00f385718f867fb93944935ccce22""",,"""54.178.93.60""","""abdou99.no-ip.info""","""http://www.swissed.info/hx344/"""
"""bf936bd65e584e129cb9c3f855e21cf8979705b33fa73dba117cad82f1578177""",,"""54.167.91.150""","""hashem555.no-ip.org""","""http://www.thinkalease.info/hx344/"""
"""4b45bfe8be86fffe408b03f12128644b67890a01cec551f6fcb11a1def552d95""",,"""52.207.62.89""","""hahaaha.no-ip.org""","""http://www.tunisiemploi.net/hx344/"""
"""e0a33d3d0aa1acf943d0224ab813c4ef275367ccb335b8f655d48386e9ae7cf4""",,"""3.64.144.241""","""mizar25.no-ip.org""","""http://www.turboserviceindia.com/hx344/"""
"""5f94ee7805f580657177abf21a0ef62a5e5e1e34e6f27d4a39140762ace6fd5e""",,"""172.111.131.229""","""ratbob50500.no-ip.biz""","""http://www.twwdserve.com/hx344/"""
"""1f78abacb4c0c1e09d8b76b7fd5d9636896d2bc46ffc23c71f8d6467ec1e641e""",,"""170.64.246.104""","""root90.no-ip.biz""","""http://www.victoria-brand.com/hx344/"""
"""2d6b8816b9413a488b52fb833b40279973e76051c0db52cbfd02adf747802646""",,"""38.60.253.248""","""kingking12344.no-ip.org""","""http://www.vienyhocthuocnam.com/hx344/"""
"""3ba83ce8e0f3163301804806c531ff03133933b67583490a7f2a046fcc727c70""",,"""31.57.38.42""","""darkcomet14515486.no-ip.org""","""http://www.pontosappareltrading.com/hx344/"""
"""f920dd507dbb227b0c391c20c2a0433dee571458fce3195384e0bdd5b054f7e3""",,"""91.191.209.9""","""crazytrain6.no-ip.biz""","""http://www.ptabu.com/hx344/"""
"""7d49fc1a9ad161e7c1afbc8df16d1ceb51acc97a8d433833f68b283844a173aa""",,"""211.101.236.247""","""salak.no-ip.biz""","""http://www.rfnpt.com/hx344/"""
"""79df769975459ab5056d16d65103991b81984f4bd70f55d1f018c33784f22654""",,"""124.221.175.251""","""thewin.no-ip.biz""","""http://www.rnbsc.com/hx344/"""
"""1322e1fadc781e712a513ffec3b715b07d2d7367decacc9cd10d2a310cc9f6d5""",,"""45.204.214.201""","""growtopiahecks.zapto.org""","""http://www.sanwealth.com/hx344/"""
"""a4832c413f95877b880cc28cacaa9914d1f5db4cdb767dfb7c7bf2102c3a9a5b""",,"""56.228.13.92""","""istoday.serveftp.com""","""http://www.sebister.com/hx344/"""
"""e184ab905c7c9c0f0b96ab1b641ff97324a98b6ad8c8dea82797d86813ea131c""",,"""5.255.115.140""","""sipi.sytes.net""","""http://www.simpleloansutah.com/hx344/"""
"""2eb9ac9cf173609c79a22e9bbf6284afa8ef8f5fcb30c8d2bbbe403d485a4c8c""",,"""185.156.72.125""","""kmiho96.ddns.net""","""http://www.sonorandesertenvironmental.com/hx344/"""
"""e46e5a4f32e2411658693f8d05922023a893d031022657996d6efe42e1b950fa""",,"""13.49.241.194""","""hawlery991.no-ip.biz""","""http://www.squaremeed.club/hx344/"""
"""388c3c72bd58480c22e609ce724215ebcf848d7ca3bf640357f3d9feb8d66dec""",,"""37.59.118.26""","""darktrojan.zapto.org""","""http://www.mmluav52.com/hx344/"""
"""096f7de5338190fae5c182bffed393400cd48fc02c22e2f8bcc6144a37d37dd1""",,"""31.57.219.204""","""gweilo.no-ip.biz""","""http://www.mobi-phone.com/hx344/"""
"""738a3892ca62b045628d71fe400e3ed08ed1e347403c56f7230763d977cc0d0d""",,"""13.246.19.167""","""id12.no-ip.biz""","""http://www.monkeyswithdice.com/hx344/"""
"""bfc22cb2487c244ab3e3360407e3f9251b2b18c803b170cb051c2cca333c3852""",,"""16.171.9.108""","""l54.no-ip.biz""","""http://www.mydownloaddomain.com/hx344/"""
"""c944f90fb814bf225b3f5a97f80b67a9cf75291f6f8ffb699ab87befbe84d2b3""",,"""188.132.198.136""","""ksfkhettr.no-ip.biz""","""http://www.nexanix.com/hx344/"""
"""c5b152be675a7a7ad1f66da363a4bb6b4f3f1fddbb90311f45bf0d5bcba381d0""",,"""143.244.198.218""","""ctiemoni.bounceme.net""","""http://www.nisenkeji.com/hx344/"""
"""beebb15a08b03c9d49e93080b3a5125257d1089f1dfbdf5d7cf931d84de7f0a2""",,"""62.28.241.182""","""k2xblazer.no-ip.org""","""http://www.ozon-avia.life/hx344/"""
"""d400b5337f0df9cc687e1425a969032f37cbe952b7f2d2ce5e4775cc8e8ed2ed""",,"""103.202.55.169""","""cjk.no-ip.biz""","""http://www.playmymood.com/hx344/"""
"""3a851d0d6495a7cf773fefb9732b2ad87a3ed73165126ffbd34daa8a64975a21""",,"""16.171.142.210""","""blazer.no-ip.biz""","""http://www.poiiun.info/hx344/"""
"""90f82781ac7657ebbca60ff26e8c8495cf4b89e9d393fd1f71226a5642bd1e48""",,"""52.70.156.126""","""kingsagan.no-ip.org""","""http://www.kalacng.com/hx344/"""
"""258e97fc9580c7f370b19dadd045e194859e486b76011b7fa002de3f46485865""",,"""138.197.13.132""","""mokspy666.no-ip.org""","""http://www.leechandlerbusinessloans.com/hx344/"""
"""182c0f34a1765568d67282bd0b35e25ffa1126def3c21aa4a225e4051fe351cc""",,"""37.59.116.35""","""mispynet2.no-ip.biz""","""http://www.lemai-china.com/hx344/"""
"""5d51d13ae475d9793214b84b5700a768b4c8b5717ea28ad909ecc05ce322df14""",,"""52.58.221.53""","""morphos.no-ip.org""","""http://www.manpukutokyo.com/hx344/"""
"""ac82bff03369c090b4184f17b7c273b2e194270489ef5467e9c0b56a3b8bce36""",,"""139.224.13.135""","""frog0alghack.no-ip.biz""","""http://www.mansiobbok.info/hx344/"""
"""ec5417579a2c74e4ac1af2dc75b96e87540cd2dd84bcef037057ca7782f63c36""",,"""117.72.75.39""","""adm-spynet.no-ip.org""","""http://www.marijuanasmokingaccessories.com/hx344/"""
"""0aecd057fbe864e7b027efa09d03369ad6e28ecd53ff35c1ccfb26fc948e6aa5""",,"""139.84.151.13""","""ybiwarez.no-ip.org""","""http://www.mauirpm.com/hx344/"""
"""2f8c2d16e7a114f597a2d206e400ca349c663a06c6554321bbacfb1029c3fd24""",,"""193.31.28.142""","""facecat5.no-ip.org""","""http://www.mmgiuaz.com/hx344/"""
"""1cfce25fdd3357a3ae1ad301810bf2a0bd324d5d6d176e30f4fed85e7c542651""",,"""20.27.213.0""","""heavenfire.zapto.org""","""http://www.eec-lean.com/hx344/"""
"""9b708e0ccc15f4731b477ea45903fe2639c24f1e9a78445043a7fbee9f68aac9""",,"""118.25.148.58""","""karim.no-ip.org""","""http://www.energy-miracle.com/hx344/"""
"""a1f4e8b946991bbc6d436c87828bc8e80cd335f1d9a19957d7e9d362c451c912""",,"""47.238.250.206""","""students-motherboard.gl.at.ply.gg""","""http://www.gee-ac.com/hx344/"""
"""f3819115f06da9e0b29a7616bcf5d8edd286c8a6f93ef5bad849a739ea4ae579""",,"""45.241.185.111""","""zkc5kelvin.xyz""","""http://www.georgieos.com/hx344/"""
"""9f36b36bf244cc986b275d3b76321bc11e92d7317fff1a565d4e7b2641cdc7fe""",,"""83.222.191.196""","""krnrw15waino.xyz""","""http://www.gilkeycky.com/hx344/"""
"""11d9b26085207c06d3ebb6048274a8ffc258d1eb65db656206efe836369eed06""",,"""217.28.130.37""","""vzaria83wharvid.com""","""http://www.granadoespadavis.com/hx344/"""
"""9026e62c4c1c3e0fd073b2fb1030dd9b55ffdc43ed53722799da4091edd0d2f4""",,"""84.154.176.100""","""c39mfueiy72e.top""","""http://www.happyjpin.com/hx344/"""
"""218fae0b2ae209020e41688bef1851820b6aa8fbee65d23b88329a3435450346""",,"""34.216.174.212""","""jr49341miguel.com""","""http://www.jasminetsonblog.com/hx344/"""
"""c71eb760c4f0a1dd20e102d322ec57eb21fb045d5fb0e854e9117074c00018b4""",,"""3.145.106.94""","""junglestyle.xyz""","""http://www.jonathandrainey.com/hx344/"""
"""ae38ab7837164c154488466e809b3f6a969fef275765724df07a386e1ae01837""",,"""112.213.108.154""","""w6948qzoila.xyz""","""http://www.broparking.com/hx344/"""
"""9cf4351ea4999671e6bf34eb6c5b83b883767139925d12fdb4778f55100a90c2""",,"""54.74.21.122""","""cjnano.duckdns.org""","""http://www.buffaloeld.net/hx344/"""
"""5a35f12ea6053fb70ba2df05d6acc726c20c5e3269e666c0821cba6390832a5e""",,"""57.128.162.7""","""leenux.freemyip.com""","""http://www.cablingdepot.net/hx344/"""
"""968949a675e22a7d44785a91976e2c89b13a4658fc54462eff44e083137f56b5""",,"""124.198.132.28""","""nugeri-62154.portmap.io""","""http://www.cantstopwontstoprealestate.com/hx344/"""
"""83f8619eabcc8a61cfcc45aa5ee088f04819831552172c1bec83cd79dd87d9e0""",,"""146.56.216.152""","""xenid.ddns.net""","""http://www.cash-vip.com/hx344/"""
"""d0802491109ee5fb8d108b545cc4e6fe9ceecdb60926b3d4e81fa7672547be9b""",,"""5.255.115.140""","""nazareen.ddns.net""","""http://www.cc1418.com/hx344/"""
"""3c253e4d8962e609bc516de32d240f071ba3ff12fdc1ef28e50c927d8b38d66e""",,"""91.92.120.109""","""kypersaw52.top""","""http://www.chuyennhathanhhung247vn.info/hx344/"""
"""aa8a4cb0b70a53802a534004d719a5b861bdd0ae136609a4fb934e87318492b1""",,"""196.251.84.103""","""frotzero.top""","""http://www.discoverthepoweroftouch.com/hx344/"""
"""f323687ff2937ed30cbb0bd6705f6da03f9908547aec8d6d64e624f00819c630""",,"""172.94.9.231""","""mortttty09.top""","""http://www.10s4life.com/hx344/"""
"""76786861361215fa58779422f6a903facdd0fab908e5ec371f908d093078cc50""",,"""107.175.76.49""","""frotzero1.top""","""http://www.65way.com/hx344/"""
"""fa1e2b563b77fd1bf053b0b5ff36784d048721072b7474f54fe756748dd5e2bd""",,"""47.122.1.243""","""v-cancel.gl.at.ply.gg""","""http://www.6n8c.com/hx344/"""
"""15b0e189468ec87914cdf3b14b2d9a9c7cef00d1a1868f029e2a617aedc8dea6""",,"""147.45.124.47""","""waleed20.zapto.org""","""http://www.a88a888.com/hx344/"""
"""cce492f2a647829a055f178aba7c3bfba99306c695370e20a0952f9a969b529d""",,"""31.43.185.30""","""cempresarial.duckdns.org""","""http://www.afromystique.com/hx344/"""
"""497382ceee9777aa7f3593b851b4710a0eb56545a58250f78007fee368170c9e""",,"""115.231.218.148""","""sp1d3rn3t1.ddns.net""","""http://www.alluklifeinsurancesok.live/hx344/"""
"""6ae73a58009785caec1ba85d829a4af23d9016f543098a77bb59bda2fefeb2dd""",,"""193.161.193.99""","""444444444440-29763.portmap.io""","""http://www.artbymarigold.com/hx344/"""
"""7575c1dd1489a51a6b72cdbec4422899c33d880ef798f41716ee6d53e79b55c1""",,"""147.124.197.187""","""zaman.myvnc.com""","""http://www.bikinitennis.com/hx344/"""
"""602dce89a3b6726498958e7ad45f0b436eb5904b13c95277497886747ae34124""",,"""154.61.77.114""","""brolyx94.duckdns.org""","""http://45.76.61.214/"""
"""705f2b877ac19c5f00ccdc95b7196ebb3de1c75a3195356210d4bebc33ab72d4""",,"""78.29.14.121""","""hostps1177.no-ip.org""","""https://kapefex.com/shield.msi"""
"""12db275391a85be0d13e5a6d7f06f4d942f2fa28b23fc828f10c260bd364344e""",,"""45.128.12.148""","""swats.no-ip.biz""","""http://5.182.39.168/"""
"""e3ee9782f032b8d602fd12d91a31087ef2ee26039115f7cdf50e45012f6073c5""",,"""104.234.167.145""","""med99.no-ip.org""","""https://zephyrblow.icu/bin.php"""
"""5fcc1c1f45885e626491a08db01cf106afc5573296482ad2ffef55a42957337b""",,"""45.158.8.156""","""elmodeer.no-ip.biz""","""https://franquicias.top/sss/buf.js"""
"""1400844ea088ec131ce104b124dc55d94ff41380cbdbb7ce4c61070ea4cce920""",,"""193.161.193.99""","""dneesyschool.ddns.net""","""https://franquicias.top/sss/bof.js"""
"""123e38b634f12d04ea4e91273b63453ec65ba25c9aa0ae98b675f7f699b721f6""",,"""45.128.12.148""","""googl32.myddns.me""","""https://certifiedhackerindia.com/all.php"""
"""53be7ceeb9d618346e61028c31a5a6385c822f384df927b55c423fd44e705ca3""",,"""202.55.133.59""","""moneymoneymoney.ddns.net""","""https://certifiedhackerindia.com/fyqw.zip"""
"""31e74a3be963bd0c5ccaa0611cf945f43ed47cd06cdea4dc620ae7717b7df29f""",,"""37.120.208.40""","""myhost844.ddns.net""","""https://136.243.242.29:8113/EDHGFDSDFG/1bsv4t78.ugtje"""
"""fb30bfe23aad68437d96718a48a7ef2b82471cb6d9b68bd20d8eff6a1e836048""",,"""185.217.1.159""","""wall-bottle.gl.at.ply.gg""","""http://95.215.56.233/Httpproton/cpulinuxEternaltemp/to/VmpythonCpuFlower.php"""
"""80bb2727553eba132fb8f91a0f007d909f5b17b7390160d6a0a00d72409f424e""",,"""151.26.24.208""","""bytenjs-32028.portmap.host""","""https://ai.lanpdt.org/viewDashboard"""
"""d6c91d56e4766f5a1876090c731ee64fbfedac5b1230a3b0dcad64955d182e43""",,"""51.89.246.80""","""meet-influenced.gl.at.ply.gg""","""https://pastebin.com/raw/1SVDmjXf"""
"""9cef789dc6c97c1ccb6638cc1cb343296d8c7ce6ec6785331f4bf37f08f50980""",,"""45.159.229.194""","""090005.ddns.net""","""https://icq.im/AoLH5bRXfAE6eCtbw1I"""
"""843910f872bc6dffd7948b07af858a006e0d82f1290f152550bab6c53d400f3c""",,"""176.65.149.32""","""moradoff1.zapto.org""","""https://t.me/zedezededeed"""
"""30fe424d923c95907414837b4e04867f2076bf019585a6bbcc82a0f84203a419""",,"""104.168.170.196""","""north-dad.gl.at.ply.gg""","""https://twitter.com/doplghas"""
"""c3f1d6a7b5a34147a08530f70536828df4bf1875ff7509979b62f90b580f0d33""",,"""37.114.42.142""","""psj07.no-ip.org""","""http://kheeda.com/admin/Panel/five/fre.php"""
"""c6ffbc5d08d02240fece0ff3cec88278325866d54d18aab4218f213298291630""",,"""37.120.222.68""","""piter-korobka.sbs""","""http://lockbitspyakyequybgwgwauhzqxx7ba2gh3lmlj3zyeuaknrexdzfid.onion"""
"""9e082c8c188addb1f3cf6416c4abc19f378e373134b8c1119ff0653693713586""",,"""176.96.131.92""","""uheri234.4cloud.click""","""http://yjlbp66wqflbjrje43jgoyyrqgq526qqrtxna3gfxuafky2xwei77iyd.onion"""
"""ebdbac83ff30f47d77aa4460f2e672787597483c790e427e1bbdb2267a8be443""",,"""172.245.52.188""","""glag.duckdns.org""","""http://ytzzxv6ugr6dopoxxcdojrxwovcqr5l3l4p4sbm43ykjndo6qbmxhyad.onion"""
"""a0ecc9031a8e1671e455dc977bd24565887dff10a0bc35a65e6c1eeb15c1e675""",,"""45.129.2.248""","""newremco.duckdns.org""","""http://lockbitapo3wkqddx2ka7t45hejurybzzjpos4cpeliudgv35kkizrid.onion"""
"""6a40bfbfbeafefdcf37f9f07d78902db3de20015d287472fb2b70ff780965382""",,"""185.186.77.243""","""medusa.blogdns.com""","""http://lockbitapp24bvbi43n3qmtfcasf2veaeagjxatgbwtxnsh5w32mljad.onion"""
"""8e73bd1d3b709f58d878a04a6c8dc4a06949752660c256d9d24310fd07f1e278""",,"""31.56.39.249""","""finalrmcbk.duckdns.org""","""http://lockbitapyum2wks2lbcnrovcgxj7ne3ua7hhcmshh3s3ajtpookohqd.onion"""
"""148639501cbda9c5245f9ffae95dfbab3753700806b9639e5aa7966637d1205b""",,"""159.253.120.227""","""suporteokx.zapto.org""","""http://lockbitapyx2kr5b7ma7qn6ziwqgbrij2czhcbojuxmgnwpkgv2yx2yd.onion"""
"""0caf84c4e373e7ca9d232f03004c754df7ae570a0034b1992a21c14b20ddac07""",,"""31.58.58.115""","""ozoemenabk.duckdns.org""","""http://lockbitsptqsmaf56cmo7bieqwh5htlsfkodpahsaurxlquoz67zwrad.onion"""
"""f443e789232142cdcadb2b564ad24a43ddc0f61971f752be42ff9aa15751656e""",,"""45.11.229.228""","""keenwood.duckdns.org""","""http://lockbitspudgjptrzadjzi7b4n2nw3yq6aqqqqw6wbrrjkr2ffuhkhyd.onion"""
"""2dc3a61943e44ff1ccf5728ccb2053e6c73b6fe1ed68a1031334cb9728fc59aa""",,"""188.166.27.135""","""jenniffersmith1986.duckdns.org""","""http://lockbitspxgtf65ej7uu5h7qtephbevcsc2sk2brxzmt754etrrzhdqd.onion"""
"""7376630f48256f7500cc07d64d1eff0e149d56f1e776ea5c9dbb9d36384f98a9""",,"""185.244.25.75""","""shieldmain.duckdns.org""","""http://lockbitspxmqqfi6bw4y7f5psnpoaakhlisdx33busmnpgtimart5fad.onion"""
"""e2fbf41561c1ee9c44dd7128a1d62c8e9ef2710815b200aefbe81e607b7fe54c""",,"""91.208.184.126""","""ozoemena.duckdns.org""","""http://lockbit3753ekiocyo5epmpy6klmejchjtzddoekjlnt6mu3qh4de2id.onion"""
"""a8b032acbee9b33ea07a25a162795bbb51bcdd972873e6da6f5a22221f3b0a76""",,"""144.172.73.113""","""delamanodedios.dynuddns.com""","""http://lockbit3g3ohd3katajf6zaehxz4h4cnhmz5t735zpltywhwpc6oy3id.onion"""
"""6607a9c2e7b80fd3b3653d700f09a79448ef1eaaab9229ea60e7b67d42e36d0e""",,"""205.185.124.206""","""fasout1999tasry01.duckdns.org""","""http://lockbit3olp7oetlc4tl5zydnoluphh7fvdt5oa6arcp2757r7xkutid.onion"""
"""a04213184d39b8ef510998cb0370df9768bdfab94f4a18e1045aab75127a5d76""",,"""146.103.53.70""","""xietaoesongbk.duckdns.org""","""http://lockbit435xk3ki62yun7z5nhwz6jyjdp2c64j5vge536if2eny3gtid.onion"""
"""757e7617fbb2de61837f0cd12aa8e4a3d6d625ca7696df6bd366531b11dcc904""",,"""150.241.93.170""","""finalrmc.duckdns.org""","""http://lockbit4lahhluquhoka3t4spqym2m3dhe66d6lr337glmnlgg2nndad.onion"""
"""c1194f04bd0e99722a7bf0ce55fe7812f5a11b0b427f4c7a658997b2a5fc64dc""",,"""45.159.229.194""","""workgroup.myvnc.com""","""http://lockbit6knrauo3qafoksvl742vieqbujxw7rd6ofzdtapjb4rrawqad.onion"""
"""20342ce7013b4d435ec6be6467dc32a48d27525c64926178b0bd296cd924eebf""",,"""176.160.157.96""","""demoncity1.dynalias.com""","""http://lockbit7ouvrsdgtojeoj5hvu6bljqtghitekwpdy3b6y62ixtsu5jqd.onion"""
"""101d6699d840622863716fe88b5106d8eb2e18a8607a17451c14cbdd255e9006""",,"""86.6.42.221""","""boysmain.duckdns.org""","""http://lockbitapiahy43zttdhslabjvx4q6k24xx7r33qtcvwqehmnnqxy3yd.onion"""
"""e51cf531093c89763db3abc4849eec6b00cfce79f9a033c2159392fdfe2aaa90""",,"""176.148.78.81""","""xietaoesong.duckdns.org""","""https://yorgeatransport.com/WOALTR_zNTyR40.bin"""
"""3db4255e5bde1804abdad241da531345124362ab38a53d2ba19b23e0bec3b06b""",,"""86.6.42.221""","""1x178p1.duckdns.org""","""https://yorgeatransport.com/dstu_QRCyfX28.bin"""
"""fcd0f8ee158e09fd5b5874f57a843ada7eab89cfd3bd492481f6e4055e2c055d""",,"""75.109.160.164""","""salutcoc.duckdns.org""","""https://drive.google.com/uc?export=download&id=1Yn_pYd8pizTAMgh2NIGAMKhfxhdFMplB"""
"""e22525b13c943a0f1574bbb87ef2d6cceb7412d394efa5a98ffa2bffd6fbe81b""",,"""75.109.160.164""","""fasout1999tasry02.duckdns.org""","""http://www.urokogepan.xyz/kk14/"""
"""5bc14bf14f097b6bc5e6be5ac8288428bfda1b56afa510ba8bf28bcac261f1bf""",,"""75.109.160.164""","""sonicpanbugs.com""","""http://www.utodealmemo.info/kk14/"""
"""7d906ce6da05f3dbebbff592b7e7874db966a5633d668ad4d1eaefb0c1e7410d""",,"""75.109.160.164""","""msdigitportal.com""","""http://www.verypartypop.net/kk14/"""
"""abeb538b3507470f049b5cadba6dd688df671353b6fbe271ed6d281c309dfe71""",,"""194.68.59.68""","""rogerferer.ddns.net""","""http://www.ww515602.vip/kk14/"""
"""85b3767023aa26ae8e7aad90069585913da541c3bc6e9235e32b69ee8fcd7d3e""",,"""154.16.248.113""","""justfuckme.duckdns.org""","""http://www.zeqsz.cfd/kk14/"""
"""430cac4c610fa454f1846373b977664a0677d12e82b70a2968576feb85872da9""",,"""167.114.222.154""","""themew.zapto.org""","""http://www.znueag.info/kk14/"""
"""78b06e8a52736d035202867a91dbe52160abfc90dfce1bd2b2a4fad7fd895e6f""",,"""185.140.53.183""","""secured1040online.duckdns.org""","""http://www.pinsantoto4d.xyz/kk14/"""
"""394d5066e3ab8cc23ae78b41ba09de49396f1d20ed13e308bd6029b5ba3338ab""",,"""23.105.131.165""","""may2425.duckdns.org""","""http://www.righton.top/kk14/"""
"""5b8220874260f0e6895d986bd21421706560601cf2fd7cd6df9ffa0b9c512bf5""",,"""188.123.65.32""","""package-gardens.gl.at.ply.gg""","""http://www.rintalia.net/kk14/"""
"""8328685caed17c8b1f2c1fff71a80ef27c9a5eef58a78d621b5d47670be4d0db""",,"""176.38.153.189""","""standards-heights.gl.at.ply.gg""","""http://www.roxgi.xyz/kk14/"""
"""27aafb68700721f7756d0c1e697a6ef74450e12f122a8d095e04973d16ec36e8""",,"""145.82.100.2""","""blog-attitudes.gl.at.ply.gg""","""http://www.rqghr.top/kk14/"""
"""36a8382760c1503cabeb073c75453b34316581bf02f7eae28dc652386c72be26""",,"""196.251.81.56""","""thanks-volvo.gl.at.ply.gg""","""http://www.rwt2v.top/kk14/"""
"""23489ee279875e761397976e73aad2e5fa06981d7c9467d2ccbfb879816c17a0""",,"""79.142.69.139""","""ok-sense.gl.at.ply.gg""","""http://www.sy808.top/kk14/"""
"""c4edb726d03ea5db2c1d112f2b94a4415300b8d9fca880186b38589aa6609ae4""",,"""196.251.70.22""","""bobawo2587-64007.portmap.io""","""http://www.t-fajo819.vip/kk14/"""
"""729e9c330cb64e2d9ebff6004805022133f4e1f0db1ff13afb0bcd6aff3ac8ab""",,"""208.94.246.47""","""includes-au.gl.at.ply.gg""","""http://www.uchuang.xyz/kk14/"""
"""b05b7fc8d203367daa0a1a94c7fa3ef6664938373083e81729ffe25c7dae6117""",,"""37.59.51.125""","""natural-profit.gl.at.ply.gg""","""http://www.n7d73.top/kk14/"""
"""b0de4c5dbcd79afac22610cd6d689250c46cb6a2cfc473db3f545682895a133c""",,"""198.55.98.155""","""elysianstanmore.org""","""http://www.nti-aging-57998.bond/kk14/"""
"""dc98398096ffe26edc8265f5f9878cdf7bf4687bf38328abd5d232319898b9dc""",,"""37.252.5.162""","""quotes-blair.gl.at.ply.gg""","""http://www.ntreegainfo.shop/kk14/"""
"""05d444df5b11864ae294a48aaf54c9b100de009864ec2e5893fb78a7c724a919""",,"""23.94.53.68""","""afatibrahimove.duckdns.org""","""http://www.obilskater.xyz/kk14/"""
"""0d7c0b70c1cb802da2cb5ec5979d32129408ee728e0455b7fa3c417f272df11a""",,"""2.58.56.13""","""problem-cooperative.gl.at.ply.gg""","""http://www.oicdickely.click/kk14/"""
"""05a72e5cbca8ca6feea6f1b590381e14d8b70deab01a421ff384700935af72a0""",,"""147.124.215.110""","""american-simulations.gl.at.ply.gg""","""http://www.olaoutfitters.shop/kk14/"""
"""f1626d92d3ddb713de4c41d361c3770e44496580eaa8ad6a237a8de256c1d726""",,"""194.165.16.141""","""bill-wav.gl.at.ply.gg""","""http://www.ortalsee.xyz/kk14/"""
"""f4435cf66c269b4fb4168b7fa4841e7b5c461632469164b7e5695b48dc9d2a38""",,"""179.43.143.162""","""knowledge-compatible.gl.at.ply.gg""","""http://www.ov-vdotzb.vip/kk14/"""
"""16419588fe2c47c010b0823c7cba62dbc58838cad4443c9407ac16e25fa2371b""",,"""196.251.83.195""","""subjects-cookie.gl.at.ply.gg""","""http://www.ovvsv.vip/kk14/"""
"""2314a03274d9218594a35adc01b005392081b81b73c35880562289eef60cca61""",,"""198.55.98.155""","""nomorelife29-46869.portmap.io""","""http://www.innwmbo.cfd/kk14/"""
"""0ce3e69b1e3ea24f237fe2167c998f807584d8a3a3a2dd84a5fd33f0f67415b8""",,"""45.148.244.181""","""yourmomishighoncrack-26691.portmap.io""","""http://www.inystars.top/kk14/"""
"""f695114be04e298c15fd6c4e9b6b62ece911f97ddb9a7453bc43cfd9cfc0829c""",,"""147.185.221.29""","""too-retired.gl.at.ply.gg""","""http://www.irtualreality.estate/kk14/"""
"""b3c7dadcb6a9e234bc6ad5b604f317aef6ad962d9968fc8a8ec3d20af34fb80f""",,"""147.185.221.18""","""table-proposal.gl.at.ply.gg""","""http://www.jba2e.top/kk14/"""
"""f83fd8220f915fbb63bb2b8ca27b867853834848b7875e2c8b4c901d03251fcb""",,"""147.185.221.29""","""original-do.gl.at.ply.gg""","""http://www.legriak4.vip/kk14/"""
"""31a615006b109cfbf56c938e7534ea74b429f834c282fb4c0e29fe103167e594""",,"""147.185.221.18""","""free-educational.gl.at.ply.gg""","""http://www.linebeauty.shop/kk14/"""
"""a445ad7f0e377d83b02b83c83e2048630600143c4b6fb64d2687f626360d5919""",,"""2.56.165.114""","""current-clip.gl.at.ply.gg""","""http://www.lzuvh.top/kk14/"""
"""795887cf91e1661869da692fa57b9d2ee08421279b4001fdc8e2d8266aaac403""",,"""105.102.150.178""","""fivemgame.me""","""http://www.martteamslab.shop/kk14/"""
"""6588127bd79d196a7cdbfeaa4dddc082574692f9c17a19542185cda6acca4bc9""",,"""147.185.221.29""","""xwor1528.duckdns.org""","""http://www.mgf.vip/kk14/"""
"""f4b2e00f7882a3cc399c25a562e5aa7e67e6a91a1593bd963b309cc5b54d8e36""",,"""94.143.231.21""","""updates.tplinkdns.com""","""http://www.et88.care/kk14/"""
"""ee7738b4e4b34a1b5e9efdf3547e79d6436b68b766b2c8acf262f8fe8ed0c722""",,"""195.2.84.224""","""rookie789-22310.portmap.io""","""http://www.etterthancex.xyz/kk14/"""
"""2d778f9eedd077ee150c2e613546e6d92ce079bd61e9b22e1625bc7a37847756""",,"""31.57.38.63""","""website-md.gl.at.ply.gg""","""http://www.fem2d.top/kk14/"""
"""b7340f8e025f9c595b01414e3ed1c5e7ba6273f1e797058f6b943bcdf3a210a2""",,"""147.185.221.29""","""angelflying555.duckdns.org""","""http://www.ffshoretalentco.shop/kk14/"""
"""ff2d54e68ab78e84710fb1ab15f474ffe4d737681886e3e409b4ce86ce252cfc""",,"""189.159.170.218""","""useful-bookings.gl.at.ply.gg""","""http://www.gkaa.net/kk14/"""
"""9b93602155651b47d87a6cf5b0c86b916cad67c7a7dc6edf720ddf5e1044397d""",,"""206.238.114.162""","""significant-storage.gl.at.ply.gg""","""http://www.homasyangarchive.net/kk14/"""
"""b4b69073e3d0140efcf94b0ffb5d0dc8de392d0464dc20fab74e3192cf5a5c6f""",,"""45.87.120.8""","""inc-stake.gl.at.ply.gg""","""http://www.iaozhewaimai.xyz/kk14/"""
"""49e3ed6dcb699db7b2c7cc48d5084f0d4e111ab27e1223b62d8d797c4b4001eb""",,"""95.211.186.231""","""envio26-05.duckdns.org""","""http://www.ijikontol.xyz/kk14/"""
"""ffb145c23a1a8393567a40faadccba4e59c8b60c025bd3167ceeb5e6089de6fd""",,"""105.102.75.91""","""jasyncdg.duckdns.org""","""http://www.d-899b50.xyz/kk14/"""
"""9990a8c917757652c47e905a328a03fba6f3ff1627e4d8075a735814ae4e4723""",,"""147.185.221.25""","""ruthasync.duckdns.org""","""http://www.eadinghaven.app/kk14/"""
"""1072f277152a7d5de73340a9e287548a1178fb167f6b82d8a9a6409e754adae6""",,"""197.48.19.78""","""sotoxic.ddns.net""","""http://www.ealthcare11.click/kk14/"""
"""33b583b514abae8b2b516afc49fa81b0945f0d6a0b4aecc0506bf9ddbabd861d""",,"""155.94.155.213""","""chadwhiteford.theworkpc.com""","""http://www.eatriceonyango.net/kk14/"""
"""0e9c0e2822fb2d7ee583e01e1bda94b10fe2491a25ed18f425d5437797eea979""",,"""147.185.221.29""","""lasyusex.duckdns.org""","""http://www.echpipi.shop/kk14/"""
"""74cedc9aed067295f6b78473baeada45efdb3f2975c3b5febf59ae5b57a5de2e""",,"""77.221.152.146""","""kbsapm.duckdns.org""","""http://www.eon5315.buzz/kk14/"""
"""0edeeb3004ed1ba21e426451bfdf9dac0009885a8310bf3097c524d8fb16dadb""",,"""3.138.102.104""","""tueisolmkc.duckdns.org""","""http://www.eramicstyle.shop/kk14/"""
"""0bcde6f74a6a7b0cf15b3f2ee66e9af4a295ec7fb02613221869f20306022989""",,"""198.46.154.133""","""camilohernandez20301.duckdns.org""","""http://www.et-alphacustcare-team.top/kk14/"""
"""87c4e04bb6ff54b667aa5f5d28871f9f435d40e3d746da63eeb02eb1c360d802""",,"""147.185.221.24""","""doncu2030.duckdns.org""","""http://www.athtubs-80046.bond/kk14/"""
"""15d3e802dc39fb9e6f2da0675eccc9f2545bebc32ae933927ec9d3a7b60b8e80""",,"""161.35.56.185""","""shripzone.bumbleshrimp.com""","""http://www.aucis.city/kk14/"""
"""3efc2b1e71a2e08a8d3ba9bf17aa2fd30c07fd1acd67bebecfa3a2bf0df6dd18""",,"""103.215.78.152""","""carolina-mother.gl.at.ply.gg""","""http://www.bhug9.click/kk14/"""
"""44e7701bf5dac663968e1b27761c3d85eb8756aaaff244fb7bfee28dad68c0f2""",,"""161.35.56.185""","""janachye.duckdns.org""","""http://www.bp8el.top/kk14/"""
"""3bebefe3a65e0b2253fad15bcf019f07c0ce6683a76297c126a4ab037f49ef6f""",,"""18.192.93.86""","""deadpoolstart2060.duckdns.org""","""http://www.c4091.top/kk14/"""
"""04c79d4cd1532c75ee3829152c6429199c3fda1deb991249f5f108bd5fc91384""",,"""137.188.231.92""","""ideas-ks.gl.at.ply.gg""","""http://www.c776.vip/kk14/"""
"""3e9132c6d9f5772703a482d2e1dfc58a9fa2b42e138532706cd99520d54b6638""",,"""137.188.231.92""","""portport.gleeze.com""","""http://www.d-899b30.xyz/kk14/"""
"""75bb2e745cf214ab79f712d51e7ee3ff7ee5519d9f85759c306ae8addd4f91fc""",,"""31.57.219.19""","""port6.gleeze.com""","""http://www.6110.town/kk14/"""
"""291e3b9d50418f1db8541c1769e216e2b9dcbe1c3172d18726b5f966bbe4c7a1""",,"""193.26.115.138""","""band-floppy.gl.at.ply.gg""","""http://www.8t5wv.top/kk14/"""
"""248f0b01abd0b199385e6721196adcdf56c1cab8657f47ba6951d18b37391821""",,"""147.185.221.29""","""care-reports.gl.at.ply.gg""","""http://www.adog.vip/kk14/"""
"""ede265a72eb7ffc3cc237329ee8c6f9bec529249a7a9e0f7f417233c4ec77ec7""",,"""147.185.221.29""","""maxim228hacker-58676.portmap.io""","""http://www.adshead.design/kk14/"""
"""e1160f8e78f00af7650da483c6f58b1d70172614fad8b437ce145cbb91cefe77""",,"""3.68.213.74""","""diddy1234-40020.portmap.io""","""http://www.aishiwu.net/kk14/"""
"""4e9a706cab2ffae52a11229d8e66d266294cebd1a4e623095162c134c2b0b87a""",,"""147.185.221.29""","""starwors.bumbleshrimp.com""","""http://www.andajagomakan.sbs/kk14/"""
"""c0ae5abcd44c4734592afc13820c83f2d61aa16b5099a79e80763a627b03cf29""",,"""84.203.197.221""","""college-directors.gl.at.ply.gg""","""http://www.andy-girl.gold/kk14/"""
"""ff726a89685254e690365d09f3fa73d9178136b75aae1dbbe21ef356ff211c98""",,"""64.23.129.58""","""clairoz-57631.portmap.io""","""http://www.1qpwvgnhesa.top/kk14/"""
"""e06c4a82a5639407ad0c0bc58f5b8324b30fa7c29c8add760aac76bfb1631e90""",,"""206.81.18.4""","""port1.gleeze.com""","""https://computernewb.com"""
"""705a6a87216abbf74e06be49833c6e0ed71951812e69febaf2d543883df808a1""",,"""147.185.221.29""","""port3.gleeze.com""","""http://computernewb.com/~elijah/bw/bundle.js"""
"""5de60cbda4a52d10765602d2331a72d24f0c1ea601d138e0a63de1ad39dc5934""",,"""23.105.131.227""","""actually-packets.gl.at.ply.gg""","""http://196.251.72.217:3000/"""
"""42edca51b914063a27920ff5ce88350afd876a5e3276b9c8b141a9959757cfa9""",,"""45.87.120.8""","""write-document.freedynamicdns.org""","""http://154.61.80.43/"""
"""bfff5614e93e164e7bbe091c2da09e9bde579a99242911cf8a1cb3507cdbcb4e""",,"""193.161.193.99""","""document-downloads.ddns.net""","""http://172.188.96.238:8888/supershell/login"""
"""6d5b9b08572dd8480afdda85683aec76f2dec1be315d9ed9d9d8c9438785261a""",,"""147.185.221.29""","""document-prok.freedynamicdns.org""","""http://43.133.217.169/supershell/login"""
"""44590e501b358f028657c30dc431d38162bb3f4c282986c4f52da189cc3c3289""",,"""147.185.221.29""","""downloads-document.freedynamicdns.org""","""http://154.9.25.38:8888/supershell/login"""
"""a1f40ae46d73b084c2a482784fb63cf808afcd4ad768cd986cbbc7a58986675d""",,"""45.87.120.8""","""google-pdf.redirectme.net""","""http://193.134.209.130:8888/supershell/login"""
"""af78c8358f57b68c06a076ffc0e8b53677bab93af37d5cdb23918654f9a96364""",,"""155.4.128.20""","""print-documents.freedynamicdns.net""","""https://lumma-market.ru/login"""
"""1983bfe7a7a80a98a2b7b5229cf4555da266a68749ec2c95864fb6a573331c1b""",,"""155.4.128.20""","""eu.p.redc.eu.org""","""https://lumma-market.ru/market?nf"""
"""012eb2ab744e024aad8e100ff5965bf126f9c6c2f7eb860ed6801354140b9d11""",,"""138.199.28.251""","""rodicicle.info""","""https://www.feoonrustore.sasha-solzhenicyn.ru/login"""
"""37838a7d16f799490cce9d6669f33688679d70de363705433cf7c43994ace24c""",,"""147.185.221.29""","""robinkiss.info""","""http://cloud-flaer-verif.com/log-in"""
"""7ca299a5d0f081cfe2e654cc181f690432c6936e476450ff7db923c922dce207""",,"""87.120.84.39""","""airportmonth.info""","""http://881035cm.nyashvibe.ru/JsprocessorBaseLocalcentraldownloadstemporary.php"""
"""2522477a67e344bf23ab6632c2267c206121d82a4661c4a7400aef7161fc41cd""",,"""147.185.221.29""","""producesound.xyz""","""http://resolver.qcopy.lol/toUniversalcentral.php"""
"""a597f0d816afba1282bdd3a3588da77e8f12504a9d218f21bffe7bb62ed3e667""",,"""167.99.187.240""","""c2.zerotr4ce.online""","""http://94.156.152.54/index.php"""
"""93a3e63cc6aaf6fb285a5d1528c4e6a19f114977b53a0ebe1bd1d8fb0f3b4e1b""",,"""150.109.48.238""","""azelsan.com.tr""","""https://11.c.mastermaths.com.sg/"""
"""a66e28b709bf115f3cbb321dc371d98e082fb5a2925ba014e0b57626b493be91""",,"""94.26.90.85""","""security.fpwereguared.com""","""http://46.175.147.105/05e05895631848b8.php"""
"""49dcf4b4a06821a697dd2044be6a990c7dcffb1fe0f5cce7b5dfd5dc614d4ad3""",,"""70.31.125.253""","""deopins.com""","""https://b1.encountergulf.world/Up"""
"""22ee568c2a7c86fbd79b980807857c68adc1108bd76cf28d2d87f8c71630e03e""",,"""70.31.125.253""","""protocol.stakesolv.com""","""https://b1.encountergulf.world/Up/b"""
"""eae8675aec748f1c8ea352c9d51edfc94b8991fbd6b2bd3650da869101bb3fca""",,"""52.223.7.108""","""legacyshare.io""","""https://b1.encountergulf.world/Up/g"""
"""80befcf489093d81d51414f86ffb13e9f5dce294ac4bb92222a9248b697714f2""",,"""188.49.72.165""","""dns1.globalcdn.autos""","""https://b1.encountergulf.world/Up/f"""
"""ffcf6ba61047fa267b46b76628944ca039e1276406201276267e5d1a8390f61a""",,"""52.67.95.19""","""dsh.fvsrchps.cn""","""https://b1.encountergulf.world/ujs/"""
"""5fd2e0b152cbfe6ca15d20144c06c10c4f5ccfb9ecca759a75124e015343890d""",,"""52.67.95.19""","""ttkks.cc""","""https://silvyg.xyz/bybi"""
"""a17b2d5b344a6534950e646a106283b71bb39b8c951c32e34079203d84591770""",,"""157.175.176.159""","""zuiopppkurban.sytes.net""","""https://castcp.lat/axiw"""
"""4149e66a986276bb90ea4e4869b1d5dfa92361c7f5b9efb2a85fc46ec9c51306""",,"""154.194.35.243""","""return-min.gl.at.ply.gg""","""https://reallr.shop/taox"""
"""de3bbc553fb06ed34dc33b1e1cdaa216d53cafeee675207b8ac5c59435550385""",,"""63.141.255.194""","""federal-jewel.gl.at.ply.gg""","""https://kerewz.com/shield.msi"""
"""03024a71c020fc261c09fa009943ece64f39301e1a9dd9a87ea95b2d89345550""",,"""103.202.55.211""","""held-prozac.gl.at.ply.gg""","""https://thammyvienanthea.com/kill8/king/kon/fre.php"""
"""883531a0124fec0b2ee9abd1edc0e01b6d72308cbde04dfd42692225333d92b6""",,"""59.110.6.203""","""hypixelproxy.gooning.shop""","""https://cpanel.productdevelopmentplan.com/viewDashboard"""
"""8935d2351ee353add5f55f01d86e5a6356a8649b1f486edfde19e947e04db0e4""",,"""8.137.98.198""","""taketh.org""","""https://www.sitesgpt.com/?em&serID=email_auth&sessionID=nMHVOvTIKbrUDD"""
"""bf54065e1604d937a0a99a96a98e19e2161d9ad7ff103f1b2039f8cfeaf7c408""",,"""110.90.205.13""","""ketxsuz.xyz""","""http://85.209.2.63/Image_pollGametrack.php"""
"""8ffe645027000c18da84323256ae06845742cee9dc4c4ade2a5cf63cb79adae3""",,"""210.79.155.222""","""pacwpw.xyz""","""https://b1.cornmealjustly.lat/Up/b"""
"""97503d299dfa786351e4211e7e0cc193a755f863f4cea65df7b5df5bab87b5e8""",,"""185.239.84.220""","""comkxjs.xyz""","""https://b1.cornmealjustly.lat/Up/g"""
"""6b0981ad6247a9466b4dd275f8d49dda717d5479ebd38b5c1071db8d74b42189""",,"""70.153.209.18""","""unurew.xyz""","""https://b1.cornmealjustly.lat/Up/f"""
"""2f39cf1f8b864149bd42cd3be4e410701aa1bc1166271785948e582970d7eb7b""",,"""77.90.153.140""","""trsuv.xyz""","""https://b1.cornmealjustly.lat/ujs/"""
"""225a7be72befb650a53fe3590dfa80e4cabe5ac6c8e9e968f414ca5dd64e867c""",,"""51.95.20.122""","""sqgzl.xyz""","""https://b1.cornmealjustly.lat/Up/p"""
"""fc2b7b403529b66833acf11276dbbc09992e7267ca3143fc7a35f72bed620796""",,"""51.95.20.122""","""cexpxg.xyz""","""http://anymeshes.pro/c"""
"""fbd46935ba540826b9c5d5cb1714d119312f42cd7ec2f3ab0a34adf4e747dc9c""",,"""51.95.20.122""","""urarfx.xyz""","""https://oswyka.com/shield.msi"""
"""deea9316ea78e4b5bf0bdf1f5e2d99f92037a8a8520e09bdb45c6df6752ffa85""",,"""121.127.246.231""","""liaxn.xyz""","""https://b2.xs.mastermaths.com.sg/"""
"""18ae390a8964eec7fdde49e765de4137449de3c7e7ae763380226a197a1eea10""",,"""88.218.0.198""","""vps-4f7bd7bb.vps.ovh.net""","""https://folders.emeraldpinesolutions.com/viewDashboard"""
"""940983a068bda7266611a3c51877727248b560b188ad63bd21895e7e1feddcf1""",,"""3.108.184.104""","""107.41.mastermaths.com.sg""","""https://evricourier-notice.top/api"""
"""0ae8001487640502e552708d7628d56f6b9c0785fab16532adfe96f940f6348a""",,"""78.161.14.229""","""m.cpa2go.com""","""http://45.141.233.187/274573807382bb15.php"""
"""d49840a2950a7975bde52a6edc9e8bef8ea5195bce426887a6c1d9a48f063a8b""",,"""8.217.20.232""","""10x07.ink""","""http://airplanemove.info/yut.php"""
"""4d6fe2b10e146cc48f0706f923250ac668924ae33451b6e9327919de1e41dafb""",,"""70.153.73.172""","""dq54wdwq5d4.jocker.space""","""http://141.98.6.56/api/YTAsODYsODIsOWQsYTEsODgsOTAsOTUsNjUsN2Qs"""
"""d8f629d09091c0c5b3ad58b86081a5fe9c2d4bdfbbd4cfd7e651a37457fc62a8""",,"""47.237.136.112""","""subpulsaratlog.duckdns.org""","""https://dovlica.com/shield.msi"""
"""c5c2e4aa3a7dd3b5895479c07118103341883a0bc7e3100e72b534cbad13c57c""",,"""198.135.49.79""","""pulsaratlog.duckdns.org""","""http://195.82.146.92/23be681439654a60.php"""
"""2d24b78308fab92c9947132a797cfe99fcdef5c34f90c0d51642e522f46a8d27""",,"""116.203.100.194""","""pulsa2ndrdpview.duckdns.org""","""http://185.157.213.40/ver/0622/dat1/Dtbeuj.pdf"""
"""ff8bc136933d708ca58ce179870e7457e8f8704b81dc9d77e38b48e87bbf0130""",,"""216.9.225.19""","""kingso.ydns.eu""","""https://leatherbook.org/SR0ymlWkoOcyiZuXCrFr3HWgupYiPaMXa-GLcDabjeW"""
"""ec11fd865c2f502c47f100131f699a5e0589092e722a0820e96bd698364eefdb""",,"""216.9.225.19""","""oog07m.easypanel.host""","""https://jswebcloud.com/sync.adv.min.js"""
"""d644b1358a50d248d67840ede4b13f735cce74a5e1f1ba9ae9186bf94cdb6745""",,"""147.124.215.254""","""a7.69.mastermaths.com.sg""","""https://devindicator.dev/webgl.wav"""
"""bda53bdf8f1315759268a9257fdcfe9afec0f9d7a3ffcc4e4963ee98777d0d06""",,"""151.242.63.172""","""cirugia4k.con-ip.com""","""https://swedrent.com/js.php"""
"""54bba68a8e89eb0295a6f687287da0acac8071bce01002c00f51bfe6e9187844""",,"""128.90.106.48""","""asdasd23-23269.portmap.io""","""https://swedrent.com/3c7b.js"""
"""7a0ab30d504f7f257a402f72079048600ac6be0ef5f0dd382ce7782f4006e612""",,"""161.97.77.61""","""www.wwwq47.com""","""http://77.105.164.178/api/YTAsODYsODIsOWQsYTEsODgsOTAsOTUsNjUsN2Qs"""
"""0b6efc9ccec29f91658075be910e6756e8cf00f9435706fe039d2faf0127dbc8""",,"""185.241.208.247""","""www.xue.ltd""","""http://95.164.53.45/api/YTAsODYsODIsOWQsYTEsODgsOTAsOTUsNjUsN2Qs"""
"""557d30a069c2aafb10684e5c1b859d39d4005b9f6d904802a9e90794b8dc9537""",,"""185.241.208.247""","""www.zhaofu-duanzi.com""","""http://a1139694.xsph.ru/0160b1ec.php"""
"""c4aa546646fb7ce79e7779058ba253df098c3bd8021e2fe7d776bd33a34de8fc""",,"""155.138.161.48""","""www.zurich-host.com""","""http://a1139711.xsph.ru/d53e2703.php"""
"""49025c9177da34d19a9b2be133fbdb16da7cc31c0d8e22751149608a4c54e5e3""",,"""191.13.231.91""","""www.sebister.com""","""http://rotomet.mycpanel.rs/ssl/zxc/fre.php"""
"""37e31d6efb79d22c26a889e4132729b997dd7a96f970dffd746903f385a88446""",,"""112.213.108.176""","""www.simpleloansutah.com""","""http://a1139671.xsph.ru/85ccfc0f.php"""
"""c472f170e510c7b486d14d8516d233d497d93d676a3320ab5aeb5564e3244845""",,"""172.94.96.98""","""www.sonorandesertenvironmental.com""","""http://776162cm.shnyash.ru/providerline_Securedefaultsqllocal.php"""
"""4ae5cbec2af44623a7d85bbc8355000662f5cf588cf70e4babb50dc9e6328dbd""",,"""43.162.123.118""","""www.squaremeed.club""","""http://35.208.197.227:443/AWRs"""
"""7e315aaea8fab4db29a90eafb7a84f38d6f31fcb6d9526939d8dc267b9417ccc""",,"""142.93.193.20""","""www.stevehurtz.photography""","""http://olympiwurer.biz/c05a96621c8f4279.php"""
"""f4976d9a90d2f9868fcaade1449ffcf9982ed2285ace90aafa7099ce246fd2ec""",,"""38.246.253.183""","""www.swissed.info""","""http://185.156.72.8/diamo/login.php"""
"""9bf9858baccf2c9be334232f2c46c9dd5f43c8da6fd645ea22517994b3ced782""",,"""185.227.110.226""","""www.thinkalease.info""","""http://185.156.72.89/nzcwzue/login.php"""
"""7f0e596afd432dd0a16732a8e963daa8d5f1649bc98b8cdff10a9726432cea95""",,"""199.192.26.114""","""www.tunisiemploi.net""","""https://116.202.176.52/"""
"""eb3450fadd2f928a601092f1f840a4dc2ad0e7042af2bdbb0e62306b614aa3a6""",,"""45.207.212.130""","""www.turboserviceindia.com""","""https://f3.xo.mastermaths.com.sg/"""
"""3f6fc298616c3147754d895479318f0eff3bbb5d4f989739dcd270a784015d1f""",,"""143.198.168.131""","""www.twwdserve.com""","""https://steamcommunity.com/profiles/76561199869630181"""
"""d4a336a628738aa82702327c4a959c9c65dc16ced58e0186b20d0924b1daef17""",,"""64.227.132.42""","""www.victoria-brand.com""","""https://t.me/l07tp"""
"""8d839c0abd0e7a1aede95d497263446daaefcb35db62bc94a437bcf7250dd8db""",,"""43.205.215.26""","""www.vienyhocthuocnam.com""","""https://faospe.com/shield.msi"""
"""3980a9b6856c517e35e5d710d1dba49591a8b7ae4a3dc3bf30acb0a203592a0d""",,"""13.233.10.116""","""www.wns6698.com""","""https://myinetverif.cloud/F5L.dof"""
"""d31931f03de00668d06e69e92e98b43700404325acd35fa52910684a5ce889ba""",,"""3.140.123.244""","""www.www7817v.com""","""https://photo.suziestuder.com/viewDashboard"""
"""d7deaaa9702060da934924952cbbcd78f4c8d8f95f8442adfd1859e4bff40fb2""",,"""52.22.177.76""","""www.mmgiuaz.com""","""https://app2.symphoniabags.com/"""
"""924742a33d19ddc34fa7a9fd2fe81bc0df0b85196e0399fba006b22255595edb""",,"""95.70.136.97""","""www.mmluav52.com""","""https://fangvessel.icu/bin.php"""
"""21297dd70cd3b8913dc6744d545c718e4e567186138805144b384c38134acb83""",,"""95.70.136.97""","""www.mobi-phone.com""",
"""1f68618ab0ffb60a1d93e79bb52adcdfce237079ae77cbb41a64899c7db47080""",,"""49.233.72.73""","""www.monkeyswithdice.com""",
"""135976349e66b8f33a78df026098ba2d7310ee7219a00c00ae357a0bebfd9ea7""",,"""1.94.211.183""","""www.mydownloaddomain.com""",
"""5e1f4d97112dde0cc8a413f43056fb683405cdd6e3a1a4b49271303cde71719b""",,"""194.165.16.141""","""www.nexanix.com""",
"""d23b13c988066b9324761d84ef266918eada90e080baf17874e7b4b5810f82b1""",,"""4.213.152.243""","""www.nisenkeji.com""",
"""42a10c767f74c6a043cb83fe124973b1219d29f28b82a0af424a8e8ea8a09813""",,"""181.32.42.2""","""www.ozon-avia.life""",
"""f5a9ca577079cd794d6c17b5123639a366946398f93262849d174050d71acc59""",,"""121.4.36.141""","""www.playmymood.com""",
"""30fa34919187d4026495d821dbcf66ff9523aada2981127ced3883dde5bf27ad""",,"""8.134.220.192""","""www.poiiun.info""",
"""62a7589588dc59ee5c8f5e9c085f5a0bda220b6ff9996ab37831677b0eb73d8e""",,"""38.181.219.181""","""www.pontosappareltrading.com""",
"""5cc56f79a24f80dce25ff0cf9df202864c1d5190ee1673ebe1717e140aa97d4a""",,"""110.41.47.12""","""www.ptabu.com""",
"""dd1f3ccd4c555e0d0c7ae63eaa0817573c81862b254a520c6fbdbfa552c27d16""",,"""117.72.96.48""","""www.rfnpt.com""",
"""f75042e2d32b72d00f75bf010be491f303dd73d13d742d88bdc633530c9af061""",,"""43.248.117.220""","""www.rnbsc.com""",
"""7247c57c3f9072f8fa455a49495c8845c42d13e7bc91ee2cc82b44b3f42da35a""",,"""43.248.117.220""","""www.sanwealth.com""",
"""05f9ad3a7ea7b20140f649515c058b67999f5fb6826f46213fd55c5425348839""",,"""56.155.3.102""","""www.gee-ac.com""",
"""ce8178ef54d46f27b3e199fd191c53887df4847a5260931208cbd2d28cfac39d""",,"""196.251.80.245""","""www.georgieos.com""",
"""f5c84be4919c75fbaa590791a560523956335f0d88a82c52c7480ce00e65e9fd""",,"""43.139.50.42""","""www.gilkeycky.com""",
"""cb565156b870d48e3d3beb71a413a7caa362538a4c37f4135e63f5951a7cfebe""",,"""116.205.143.204""","""www.granadoespadavis.com""",
"""65c09f6634f3185156e45515b6adbae42111e4a5cf1dcf5b7234885f5518910f""",,"""192.253.234.36""","""www.happyjpin.com""",
"""7f6adc8382e69b7bba7f8586c799b0ccc231687c71b96ec330abae8b51323c16""",,"""103.82.26.162""","""www.jasminetsonblog.com""",
"""0ecaa7bf6fc5ba5eb7ccbfc2728f4348129be8129d982599a09b8bb111f793e8""",,"""85.239.52.99""","""www.jonathandrainey.com""",
"""39cd5dded711e7d135925cca8032324914018bcb9f243a273b3fdc091a03773b""",,"""54.38.94.225""","""www.kalacng.com""",
"""54b9576aad25d54d703adb9a26feaa5d80f44b94731ff8ecff7cf1ebc15cf3ff""",,"""52.31.54.11""","""www.leechandlerbusinessloans.com""",
"""022e788eb63f7c6297996083c5cdf8f000d22b271cc350427d9cdcc8301dcb48""",,"""51.68.199.104""","""www.lemai-china.com""",
"""9993d32d0c008979c4557e4c57b9033fbac632b228d8c6b9b4ce1f721f7adcbe""",,"""188.49.72.165""","""www.manpukutokyo.com""",
"""d8c546b2c77eb6bdc8934405d92428bbf1ba247ec0837375d7ea6d2a57bd90c9""",,"""184.162.20.43""","""www.mansiobbok.info""",
"""ca93e4f2aefb7236ae6826c6f8e6bed1314003e6b71342faf46eceb997af41e0""",,"""182.30.67.83""","""www.marijuanasmokingaccessories.com""",
"""6e3db5928d0f482163f2cbb5dbe28f253dcaaa80b97f471827692b337d022cb4""",,"""13.250.199.123""","""www.mauirpm.com""",
"""231ccb70400dc012bb9c5dcbfa0e1342e2e1b390d40009ffbf0364e2ee1fbed9""",,"""217.60.38.130""","""www.afromystique.com""",
"""1d8c547fa94c027feb6c302db59598eeac74cdae1d310ee03b94f6446d4f9780""",,"""46.247.109.116""","""www.alluklifeinsurancesok.live""",
"""30867e265bb2ae5433bb02af67479cf91b28516764edc0a2656e56da0b6b89f4""",,"""77.90.153.139""","""www.artbymarigold.com""",
"""ddad60256c4b1ad818739727c677ca3ec82024058e7a2c65158c6c3262b810a6""",,"""5.88.124.49""","""www.bikinitennis.com""",
"""3a9ca0af7badcbfea2c34d06cff007abddcca9e07ba5f95063098528eb4d577f""",,"""217.138.194.181""","""www.broparking.com""",
"""93acdcefbebb15e88323b84c582578f2fe24613daaf8104a05ff3315f6801841""",,"""45.76.253.74""","""www.buffaloeld.net""",
"""7feee2f0ab8ec78164b2c959edc486afea2ce3ee46434985489a2a0bcaff2afe""",,"""212.114.25.99""","""www.cablingdepot.net""",
"""f94ba9418fade6200904c13143f024f55dbf2146a1b6c4f60b297ce38be38909""",,"""44.211.217.70""","""www.cantstopwontstoprealestate.com""",
"""6a884f593f4f6b474c3a164065b48d1c30d188e96329220aa94b4d97ac27b9da""",,"""18.118.247.255""","""www.cash-vip.com""",
"""cdcf4139c17e179b488b06f6b75e523215f95e5337d9e926a269736a0dda4872""",,"""43.242.33.163""","""www.cc1418.com""",
"""aba2a13dc4ee123d04619c59172a40375c46cc25e4d1121e807f6097076f3833""",,"""49.113.72.208""","""www.chuyennhathanhhung247vn.info""",
"""542c5c44616f7ef2c60b56d1491c8ae4c4134c7ec326d37e5e3949e59ca35c2b""",,"""173.225.100.131""","""www.discoverthepoweroftouch.com""",
"""5f12141a9fedd7d85e0a41c14f1739355d9a4a9cbd29d40d48fcadc381e4410a""",,"""51.222.133.178""","""www.eec-lean.com""",
"""caff11e015f561d878852a5ca5a62cb262bf9742d3e214b2f23a62172ced2ac6""",,"""147.135.215.25""","""www.energy-miracle.com""",
"""9e92bc1e51cb6fcbc71f023c0ecb8d568896286317a9e4a04ceb7ad25d266264""",,"""99.110.222.178""","""www.-dealt.sb""",
"""bef89f9fb19b8beddc4ac6d02556b9d2f084aa151cb4019bf346bccb8f0053a7""",,"""206.176.160.150""","""www.10s4life.com""",
"""495124a6cb0071b5f71f4b500c030cb4f2e089aadf6afd77a92e0d5b051e83be""",,"""180.76.133.249""","""www.65way.com""",
"""338425c94b2bb45235ab89a97b584d7b32e748acab01b1a52672926d753f70a2""",,"""154.205.7.126""","""www.6n8c.com""",
"""7e517cd42ebcb79ddc6d175ca599f90baf0b3ad122a7a463bbbd4f86776a2920""",,"""154.205.7.126""","""www.a88a888.com""",
"""4fbe83ffbdda67e1d9d7d69a39ed57a288547cb4bd558df6edc2512dbc3246b5""",,"""45.153.34.147""","""acc3nturefederal.com""",
"""7c1c75bda5c6ac56ca18bb7d7f7c462fe858e99d8a650563ee9f71d84d24ccac""",,"""13.201.98.210""","""chat.svc.pics""",
"""d4c6a4842b7114ab5d8ce582aa2a6c9adc424c7a9b7e9d58616c06db3e5cc8da""",,"""43.208.229.32""","""212-83-148-39.rev.poneytelecom.eu""",
"""a92926b0fd55358aca232f9f4a6fc5c57951cbc676a85fc068421abdffe0840b""",,"""195.177.94.73""","""security.frarenguaced.com""",
"""5f09687c5f6b5d673fbc9de8b2913ae64bcd0c9680563a8d05cda46ea213afab""",,"""103.119.47.218""","""kapefex.com""",
"""1ed7270c05d43d5d74e57bad65252998fdcdf69fa795741e9f3e9b6e973beb1c""",,"""38.49.41.196""","""analyticznodec.com""",
"""c62d037064849f8f5481bc9106721686ba26c07142a5615eef898add64689233""",,"""34.247.188.64""","""jobs.qtelcloud.com""",
"""0a343bde0333dc4821b191b0d5c5d9421e44de6e49cea63b05e99038ea6ef224""",,"""204.152.192.54""","""image-oieeodlcsb.cn-hangzhou.fcapp.run""",
"""7b2abe9e8367f361eecd092783b56d1526d309e47d64ac2ba248be1b8cf94553""",,"""78.12.1.227""","""sander123321-63281.portmap.io""",
"""73a44e4ff27e660de1e5f036b9197c07df9ab16c69b59c78ad7cc94192c828ca""",,"""181.162.155.7""","""fee-lu.gl.at.ply.gg""",
"""fc05c174934ead2b84ded73f9b6e4f008dbc66ec17cdb2c43add27408f7ef21a""",,"""164.68.120.30""","""ogash96-21208.portmap.io""",
"""c811d2950674c123b3e3345498ee872f7f810cc0a05668826977a0daa49c27d7""",,"""128.90.106.48""","""or-ourselves.gl.at.ply.gg""",
"""df0e6e0046c0e95af6654d3a18aad160ac048574c3a3e7be527da63f7184b5a0""",,"""196.251.88.20""","""franquicias.top""",
"""f4180ea6291a6b58bfc2daf6712b9b55bbf232e2c60397121a919a86bd220db5""",,"""48.210.223.56""","""certifiedhackerindia.com""",
"""e8c1e43bd97a7e18d800fe8e26879699359ce197168dcc73f6373e89fe140156""",,"""172.81.132.171""","""biseo-48321.portmap.host""",
"""3d8f5cb081d5977fdd1b1d49f19ca2bce0e97bbb4b025edcd4ce77a8b0c302ee""",,"""35.176.61.134""","""syria3.ddnsfree.com""",
"""148dd5c68ba8a868dacae09be587ea710437db1df406fbff6101a010b106c5b7""",,"""198.12.83.91""","""ai.lanpdt.org""",
"""321d9bfe6eaa1d170e545e606e566735f3dc7e19f5a45b3283ec44089a186ca1""",,"""88.214.25.210""","""muzesd.run""",
"""3711cb96771cdf1c41e4797f973fe00c912ff974635f6b77da8d5a4e4d373815""",,"""39.106.72.191""","""multiport.shop""",
"""4803eecb36aec81fd20063cd0ddb37d7f22c08fbd922b499cf6f685717564610""",,"""175.178.100.95""","""nightdelicatekols.shop""",
"""769131a5eadb5cac4dd812e86be0e10bf47dc4cc887c66f2a2899c925b117855""",,"""139.185.52.242""","""lumma.web.id""",
"""68b11892b8c9ca0c586ee15d9945bc89713aa413fd0539fa581e3a819a32f33d""",,"""120.26.119.109""","""chatterscalded.top""",
"""dc0e4dbb4fcbacb69c91f9d426bbc56791232103ee94fb86e22bf00443d47ba1""",,"""179.43.139.126""","""h4.chatterscalded.top""",
"""38bb7a22e7a771daa89e38e94328acfbafaf7b3cd6fd27d298e5adc831ff7751""",,"""39.101.185.93""","""bevm.top""",
"""2ce5f021836bccb779b9c0535ae9e9e371294ca1a963598f45004b41912ccaf9""",,"""47.238.152.36""","""calpewawd.run""",
"""f1a824cc7e34484f7c9a3f1c20e8c19d03dde47580a52854b6777f60adae35de""",,"""2.49.173.1""","""dhl-lhome.xyz""",
"""e0934f0fec9a6b8b6c796a4feb76d8bbfb27e7efd3c51e9b5268f898e1bebd0d""",,"""197.3.92.99""","""naturelovet.top""",
"""dcbe66574e68ee39cb9c7dc8d87cffcedcd1acd79b055a07e930ac6a1b6bc0cc""",,"""147.185.221.29""","""supihk.shop""",
"""d1b618f04cff9c690e4140c056c8bdb327198b8f34979b36436ff5750c4e7744""",,"""217.28.130.82""","""backbx.shop""",
"""a6a2ffe881e4e771f9c09283c483bcb41b5b84448b2df64afb84709d3fa09a9e""",,"""13.38.77.255""","""endoda.lat""",
"""f84e60ff50e5445b2f81ec0b8498af887e9c96679059490a0e4f5079e6e504b3""",,"""15.160.190.99""","""feelgf.lat""",
"""292ac5a9eb581e682b6277e977e470143208870051b67c911954455339095fb4""",,"""16.51.89.171""","""fpxawz.pics""",
"""99eabfe358a1df8966676dafbb1350a315e6df105ba5f21f707da2ec3ddbde59""",,"""16.50.45.78""","""letfp.shop""",
"""5dc409570d0f47ba785a92916def08f19cfbbbeaacd242af3f8ceb529955b747""",,"""13.38.77.255""","""meajo.shop""",
"""0a4974b8372cb985a10e5c42b9363569426926f8d68f36874c22a032e5573fb4""",,"""95.214.55.246""","""tenbiw.shop""",
"""caa9b0b0ec17f3ff5254efc2c430a813366130d039d7025dfb388d735d3a958a""",,"""45.136.15.217""","""carrqp.pics""",
"""7e34d6ee10646191e4913ce0e68a6454bdf0f381cac7cae77276bdecac2a02cf""",,"""120.26.126.224""","""castcp.lat""",
"""954516516f708f6e518015704adc718be29794c53704831e875189658d6c9fa6""",,"""204.152.192.54""","""crawbu.lat""",
"""8891a4eefa186b285f1a06e07bfceaaac6f8142eca6b5abdb032c3f45e75fbe1""",,"""206.238.196.92""","""crocfz.shop""",
"""6c8b17c610dfcaacf158eb31d6bf00faeaecd99cbdad2765980f4effc2b26c05""",,"""23.227.196.13""","""fedes.pics""",
"""cedb1573b1fc3f518d9408fcf2c20554a1dff45d4933424e98be7d11a0a78db2""",,"""157.230.34.254""","""herell.pics""",
"""315485741c0c896d35c2df3205b1f1e44d6f2432e8b2a36c02ec31386b11cc6a""",,"""185.72.199.108""","""keevg.top""",
"""4b975bbcb9af20fd23c4cb464077024f61778bbd205bf52a1ab6b6bc9b7ef6f0""",,"""20.162.226.228""","""megiz.pics""",
"""9cbcae07bd38458814262044e96665cba79a43a34b009afe40eecbe7c1cc5560""",,"""196.251.115.220""","""olqrw.shop""",
"""fd9135f5ce9397655ea60b8b58c23f5d89d1c8bd6581d561b886cbe91cf79f59""",,"""57.128.105.169""","""reallr.shop""",
"""ba4018cca3aafea0967c541e8ebb2c32d5617da07cf56fc12849807e68b4ccd7""",,"""43.242.33.156""","""skepcb.pics""",
"""6e1d8a35b9baad9ec68364f01f0a0e13d5245d6716250503f30c44d089764edf""",,"""78.161.14.229""","""antiqez.shop""",
"""550d914ea99999c6630271c54d01df0b30d0787a5c50abb6e2b739760b62d918""",,"""101.126.151.252""","""argentiy.top""",
"""4a60a99a99f558d521e76cb76985f6e4da0039dcaedd6509e72aeeb5f2ea1d44""",,"""91.99.172.104""","""atlantm.pics""",
"""8b4adfa15d348afc085a72738ea5f6871c1ca7e31989fe875b821ca1715934a1""",,"""116.202.182.73""","""earlyew.lat""",
"""ed84a4081d28a641e80b82a718f11c17113ca65bc142453b943a263cc6310cf3""",,"""198.12.126.169""","""familyh.pics""",
"""e1293b1a7ca3a046305529fc753de7baf386aed55156a27c59993403b376f1d9""",,"""14.241.58.222""","""hucwjx.top""",
"""019e2708683099bcb3004e27636370cd9b5214023bc8a22439b54b0bbefd08b1""",,"""192.169.69.26""","""prepaxre.lat""",
"""63e67134c89654b8de8f2516076804d387c823fca4ab712c91e12c531de9ef3b""",,"""45.76.18.170""","""rebout.top""",
"""048f746dc9f01dcbdeb7c0768f79689cc7faa4738d05cef8ab3ac4ae93e1319e""",,"""217.154.212.25""","""redacpq.shop""",
"""dfe1e22bd6ec6aa2c4e1540a77e95d62ac28e844508b5a1b3da72a749aacd1e8""",,"""124.70.190.31""","""unctyou.shop""",
"""2d936d99086208ae38db9168bfaecb93527bed23e98ecbee75894ed213ed9bf3""",,"""217.16.19.18""","""appqzk.pics""",
"""f85232fff65a0a5412b4084aae112bf9e98b2fdb3e3e0bcc170e11a0ead5e92d""",,"""121.41.30.139""","""northumbra.com""",
"""c5cecd7115ea0040ab8197a7547ddb8770c3a0c2ada7aea24ee4a104707ce2f6""",,"""166.1.22.149""","""baza.com""",
"""9bb0a78b5a1b7601e0fcfd951acd8ec2bf3487d358c57b6e4fcfb352f064231f""",,"""107.150.0.29""","""sharemoc.space""",
"""b85c359b08b68721fb64a6bb8d068c33d928e4b9f95e737c0be7516b1a92d4db""",,"""52.43.0.86""","""mainstomp.cloud""",
"""e97980b91b303c2e60970ed693e5776c9138986eae1e4b488469f8313f8c74b3""",,"""23.227.199.118""","""temptransfer.live""",
"""b6d64e7fc6495e1ad28dfa4bb3bfc263eae1532137f31075b30968ec4182a1b1""",,"""45.74.16.152""","""privatedns.huishengzhang.com""",
"""5b77348e47e545673785f9af7a946cd26ccfa0cdc622310d9b67fa120486f88d""",,"""68.168.222.249""","""danielbetterfuturewithbestlifegivenmefor.duckdns.org""",
"""5b9c9139595347fc7e509f5eac36d1d30cfbdaa55f0aa751eb7b6fb77397d994""",,"""83.222.191.98""","""edgardocarrascal904050.duckdns.org""",
"""179fdff8bf34515746fe9a7ee36d5b696d6fb5e644dfadfc97a4868ebd552809""",,"""78.161.14.229""","""gotkeeptryn.ignorelist.com""",
"""ee7df4771b282751b489df80e8108d08db8fb43585b79f60ecfb786d93493e07""",,"""107.175.88.38""","""letseehowitgoes.mooo.com""",
"""ba25ed623a853be82c760badf3cb4bb5d020d6db6942cb02a313e46b42cfdea5""",,"""128.90.106.111""","""maxpressure.duckdns.org""",
"""6d4882d289cd47de267b3f96629ddf7cd52cb8666e2dae04e9226be19a140d3c""",,"""43.242.33.167""","""newwave.strangled.net""",
"""88aa30cb2bfe0f734f2f046db7095ce72747f805671d48d53bc67ffe6a7591fc""",,"""45.89.67.129""","""optimizeeltd.duckdns.org""",
"""f9171a38b811c74c4bf519028191ca9966b183c4a9bbf4288a70fba804bd2cf2""",,"""1.197.72.242""","""talkabt.duckdns.org""",
"""a754e727a3321b44e6c17257e26dfd7421196d99c47d3a05ba964fdac556cdc7""",,"""207.246.91.37""","""lififi8273-50238.portmap.io""",
"""cdc795f999bc5fd01a06b3ec724a35699d31a7a883edf172bc2890cc41210993""",,"""107.172.79.21""","""collabvm.org""",
"""0e3b424dfe4287b4bf6b2a6eecca096b0157ded7025631f8bc711fee4da6c4e6""",,"""194.102.104.25""","""discord.horse""",
"""3eb88bd45fea1f70ac065a1d8f2faf3c39fc614ec905b0288494f7d3a4cf8488""",,"""8.152.96.21""","""workeazyment1.duckdns.org""",
"""1a733a8c04fd3d2ff655882436b9819db43bd42c43df1ef12b76f8fae8299ecd""",,"""117.50.184.253""","""deneme.chanbaba.online""",
"""ab9d0e4a2061606a42db305c3094ef3885724fd9d477295e43a28b98b5bec3eb""",,"""124.198.132.191""","""dolphincode.duckdns.org""",
"""b9e08e4bcad472cbec3ae5bc0187bd15a9fbd931f20419f8150a729d6469ec6c""",,"""49.0.254.101""","""iotkit.duckdns.org""",
"""cc1c6d208c0b3ba19c4c4a0bf6036e7cf4b8ad7c754ce39a1c71f7aec0226348""",,"""47.109.202.115""","""mdnsucchim.ddns.net""",
"""1cf503bddd9aded1d1a4c8e4687853b880c1710f898c12115352a9a6749f83f0""",,"""198.55.98.119""","""mr.diicotsec.ru""",
"""d9aa71938c6ceb972006545f406143f2f6b748db9df283d7aba6871161159ef7""",,"""85.239.54.109""","""nmsl.i20.icu""",
"""85050e8cd453704c4d60c74a2857f0f210b80b859e66752d44565d5515de5bbf""",,"""70.31.125.78""","""vagner.sytes.net""",
"""69da90d9cd4081e13c5978cacd5bdaa5413bf355ecd510021c7f98c662ca687b""",,"""182.30.65.67""","""wavecarried.vietnamddns.com""",
"""cd12ab11b4d14ab23028ad7ebaffa19fe9db4c5daf4b3c157050e6daa96656a8""",,"""174.92.89.190""","""api.trumdvfb.com""",
"""bc4752cb0771b185a984f6e160dfc310c601bb52d96db6c9111088d79b1c576b""",,"""45.146.81.196""","""b0tn3t.mong666.org""",
"""deaf33b6c9185736a66e472e7e380d0fc81a3a37e7832e184535d5aff799dbe1""",,"""209.54.101.190""","""botnet.topshield.xyz""",
"""2ddeb6b8d57ad03a937d443ec19870287e3c51194f6177f7c81046c8d49ff807""",,"""77.90.153.122""","""bunker-net.zapto.org""",
"""e4330a9227a3e82c341e7ddc9161039f4d0ffdce2d6f6ed7994a6d7ba0b82640""",,"""54.93.96.138""","""cnc.ibypasser.online""",
"""e73fe68ff173dcb38b80e9fbb7cd8f283cb912be4bb76125dc970cd1ddf41fdf""",,"""31.57.219.48""","""cnc2.jssaytcp.lat""",
"""dfd5a0469b2f165b25dfd8d102b95f407e1cf996d558dc9fdcf10c10ec27c77d""",,"""172.111.131.226""","""cskcncsus.vietnamddns.com""",
"""1960b178e9d9b7ee56fa040b1424af83e2a6f67711510f42fe3740fce655ebaf""",,"""45.74.16.118""","""www.t-fajo819.vip""",
"""1735e4854b0fbe8678accb499bdf0571286824b34fa27192b4f9361a0b6af44a""",,"""5.193.223.21""","""www.uchuang.xyz""",
"""8d4679e8b6bdcbdd1e8b2e5e6ae4f4d1018857c829c7e4e682afaa25de0eb7fa""",,"""52.37.170.243""","""www.urokogepan.xyz""",
"""29db05ecfaca80d789dbf7c1881210ba14da7a9fccb006734f260087d8b99d2e""",,"""206.123.132.18""","""www.utodealmemo.info""",
"""f39fae1f5f13ee94b28f24cb597027136eb12af2a3dfcc312b6a710f99ae8584""",,"""16.176.176.176""","""www.verypartypop.net""",
"""2ada9662b2d0ac7c670d3386eb4119f5745f6ccccced3fb22bb910e6d42609e6""",,"""5.45.76.64""","""www.ww515602.vip""",
"""e81bb5d4ea61f4075ee75b7996940ad7e80af99204bfa05c5978a1a6edc6b37d""",,"""47.94.138.125""","""www.zeqsz.cfd""",
"""db7dd8f807000976dd2b5be437c51fa2ce490a0b0114c32d3b082c4de9b51825""",,"""91.4.38.77""","""www.znueag.info""",
"""52f57f25be984d68dbe02ba8f05c1a5a52694d0eb91a1331a9b1a0aa07e94b82""",,"""196.251.69.46""","""www.nti-aging-57998.bond""",
"""6908c5d9f6cf980eb004a0fabe14a4e9981378ca9997c0a1973f1a53237d9e66""",,"""98.71.173.119""","""www.ntreegainfo.shop""",
"""e92da4c29f4c70acac807418b265bba1339d0966eab4716674e3d180b64e633a""",,"""124.221.31.155""","""www.obilskater.xyz""",
"""84a3fb87c2b89762319debe757b881dce4b048ac8df4b56e51aecdd0014464a3""",,"""143.198.223.235""","""www.oicdickely.click""",
"""ec8a9afde12bf6a4d3f3a495bca7c4438a059fb2215f74cb8996dd65e871c2a0""",,"""67.205.141.81""","""www.olaoutfitters.shop""",
"""5d6af1aa67c757b92e1d8b0b99bb6becd553f5be33194b75049bc33ad7920c6f""",,"""59.184.55.190""","""www.ortalsee.xyz""",
"""6a2ab96d4ff59d7928f37282da4f18638802e355785eed7540f87ca06e554612""",,"""117.209.90.38""","""www.ov-vdotzb.vip""",
"""c5c04944a0a3b97c0bef852824b2930556ff3fc20cf445dfcfb0cfb1d1c3ed60""",,"""196.251.88.108""","""www.ovvsv.vip""",
"""6a8c8a665486a72d8183e76a5913d870bd1c7290f8e62035ee9752529d7c5355""",,"""196.251.88.110""","""www.pinsantoto4d.xyz""",
"""4f462dda06aae20a81242cb61a3d00c376a9cc92f95ab5261df2632612c94c2e""",,"""31.131.18.50""","""www.righton.top""",
"""2946754e598560cd34f6d7e83cb02c76b5b979cb36dcb61526f7b2075325d18d""",,"""185.112.146.121""","""www.rintalia.net""",
"""662676824c80e00da058d1c86fb5e2099a2761fa9093eb21c6d308e1f1022af3""",,"""34.222.14.1""","""www.roxgi.xyz""",
"""adbd4b5a6945ceb9fadebc3744a75400a617c2ce41c65cdbfe7c530054dac540""",,"""43.199.162.210""","""www.rqghr.top""",
"""cd3d6a0de3b5122cdc22d73d18cb5e5db17128f96178eca045adae3ee3d079e4""",,"""13.245.30.86""","""www.rwt2v.top""",
"""d31bae1589845586de86e97312d05082f820245c1bc947d2e73681938d3bed69""",,"""176.82.167.62""","""www.sy808.top""",
"""e4c4ca0b1696d734afeaaf678a113d5fa19a52483e6fa7f4fb7e5688b17150fa""",,"""99.79.77.89""","""www.ffshoretalentco.shop""",
"""9956ac019d818636e34910fbd0b7c31253156e6587afbd3557c4ce8f3900f71d""",,"""16.24.181.84""","""www.gkaa.net""",
"""b1f61a05ac036a562a1f500cb69f1d48afa11b17c0ad306b2d0a6af4aa42ef23""",,"""18.231.106.148""","""www.homasyangarchive.net""",
"""bdffdcfc68ab844398198a6c0145d899c8d01c9839ab877d3bc4add4b166d565""",,"""3.15.240.124""","""www.iaozhewaimai.xyz""",
"""e4c1072780b7625ad141bd95864d8886353b27d0c9cdba39992e1f775ded4145""",,"""51.159.55.59""","""www.ijikontol.xyz""",
"""e6d00da6f1a003b388a2e9a06f1d416f25bfa4910d47563eacd8d2fc3fe329a4""",,"""47.92.91.213""","""www.innwmbo.cfd""",
"""972c8f267417e0c2fec8604318ab7743361c9eb04d8494d826b68842306642f0""",,"""113.44.144.145""","""www.inystars.top""",
"""466b7300a47ef3190cb0daf0f3fc8cf6fb7b812aa746d6faf126d389d7239b18""",,"""47.105.65.102""","""www.irtualreality.estate""",
"""da83e1c62301e3c03f0f9cce88a24172f0e4ae8b500b035a9e5131a09da73f57""",,"""43.143.216.185""","""www.jba2e.top""",
"""64996edff6a1debd33b20c7a291bbd49d790ffbaf0cb52abc60cdec563ec10f1""",,"""123.249.3.92""","""www.legriak4.vip""",
"""c1fd848a6c579560a0467f914a20690d71eca513e4126f320c301d2beca882cd""",,"""54.211.54.146""","""www.linebeauty.shop""",
"""7c00e05457b5d972b3fc22e9fc0db9234af9255b17ac0360d1b49ef66378c28f""",,"""34.29.62.21""","""www.lzuvh.top""",
"""74571aecb4253be176d73ba761f9c284d16f2cd728bfc891b7a7406d77d41472""",,"""115.175.43.58""","""www.martteamslab.shop""",
"""f0cab97eaee192f7de14ff45dce8c0cd585cf41081f4bbaac6a917b998620b3b""",,"""217.154.212.25""","""www.mgf.vip""",
"""c5f1a8839fb3ce62d2163498bd058eefd0cc9be373d4ef11b68a962e0fc228f1""",,"""192.140.188.178""","""www.n7d73.top""",
"""7be7e176627292bf1c5d1e3830fda1357bc55f21ceaa590ca3b1df1289281404""",,"""47.245.61.75""","""www.aucis.city""",
"""2bf9218891c902007c1272373e74f2312c9690511073ccec7f9ba818664cbe4b""",,"""193.37.69.43""","""www.bhug9.click""",
"""76053c466c013345d47b7da19a140bbbb1d9f4887657a318c71f8e8d9071193d""",,"""122.51.53.9""","""www.bp8el.top""",
"""b116203f431b5123aa2b69ab5e7bdda2a88017e10b671a172eec8940c37cb96a""",,"""196.251.81.206""","""www.c4091.top""",
"""425046a9f1b9b8a1a73d8bf7f05a3762346a857dcc50d5199a9c95dbb2dccb2f""",,"""103.245.167.123""","""www.c776.vip""",
"""d1d5c234f3ea77aeae7b786c6ceb346e17e43e166c9c3eab550b408b7eb02adf""",,"""47.109.205.192""","""www.d-899b30.xyz""",
"""e49c443bf1167fa65bc8bc91cea45b9f1bff4384b54d5f3183666fce780ab9c5""",,"""47.109.205.192""","""www.d-899b50.xyz""",
"""27f467fc8458d0d39ab65335817f4fbb419e39886246efa0ce132b3a4d65382d""",,"""113.45.147.54""","""www.eadinghaven.app""",
"""30c32592e665fdb7795a2a739ef14aa8c782186f774c1fecf0dddfd50f64416c""",,"""47.103.36.44""","""www.ealthcare11.click""",
"""070f9c83a0a131cce3e0a8985742226e4fae016e7352c286630c983e51f4e520""",,"""38.181.219.93""","""www.eatriceonyango.net""",
"""699cd1a833827a701c589ae0655bc9191fa39daff94d011ca5a1b62b0ce8a9f0""",,"""185.239.84.210""","""www.echpipi.shop""",
"""4575ddc65497f954a1c2d8c085b53a7dc6de1ed3e5a8817505cf595abd3f16a7""",,"""121.43.197.69""","""www.eon5315.buzz""",
"""d821b01e64a0a34b786e282112039412130c78bf92c5ebf8bf6629c199673525""",,"""81.70.197.138""","""www.eramicstyle.shop""",
,,"""47.111.139.151""","""www.et-alphacustcare-team.top""",
,,"""47.108.82.178""","""www.et88.care""",
,,"""111.119.200.33""","""www.etterthancex.xyz""",
,,"""124.70.190.31""","""www.fem2d.top""",
,,"""34.172.236.77""","""www.-dealt.sbs""",
,,"""78.161.14.229""","""www.1qpwvgnhesa.top""",
,,"""78.161.14.229""","""www.6110.town""",
,,"""3.27.190.234""","""www.8t5wv.top""",
,,"""159.223.195.83""","""www.adog.vip""",
,,"""5.193.223.21""","""www.adshead.design""",
,,"""65.108.151.141""","""www.aishiwu.net""",
,,"""45.74.16.152""","""www.andajagomakan.sbs""",
,,"""45.76.61.214""","""www.andy-girl.gold""",
,,"""185.130.214.105""","""www.athtubs-80046.bond""",
,,"""68.183.98.89""","""qzp3.f3322.net""",
,,"""46.246.84.22""","""www.cl-1998.com""",
,,"""43.162.114.79""","""xxnxxxx-38365.portmap.io""",
,,"""4.206.58.64""","""qdmgsb0og.localto.net""",
,,"""168.232.167.229""","""romerinotraderpt.no-ip.org""",
,,"""39.107.90.73""","""waal085.no-ip.biz""",
,,"""64.23.242.142""","""oss-as.x1go.cc""",
,,"""34.67.148.226""","""deadpoolstart2061.duckdns.org""",
,,"""47.92.131.232""","""issouchat.freeboxos.fr""",
,,"""95.70.136.97""","""cloud-flaer-verif.com""",
,,"""167.172.38.117""","""newstartnewjournyevamygirllovesalotwithm.duckdns.org""",
,,"""97.64.19.88""","""mountsys.ddnsking.com""",
,,"""45.249.208.103""","""jw8ndw9ev.localto.net""",
,,"""144.126.159.244""","""obomo.ydns.eu""",
,,"""35.220.181.130""","""overall-bachelor.gl.at.ply.gg""",
,,"""18.219.34.38""","""quickswap-us.com""",
,,"""185.163.45.30""","""112.ip-37-59-108.eu""",
,,"""66.63.187.190""","""11.c.mastermaths.com.sg""",
,,"""18.162.247.93""","""2025.ip138.com""",
,,"""143.92.49.209""","""pub-0d6190b2679343a7816c69b4460b0c0c.r2.dev""",
,,"""62.141.44.37""","""pub-dd31af7a3b8d488ea6d842df5958ec46.r2.dev""",
,,"""103.171.35.150""","""pub-24faabfae89041cda3b7cdd7318e9acb.r2.dev""",
,,"""193.5.65.114""","""mythic.mustansirg.in""",
,,"""38.54.93.22""","""security.fgewrgoald.com""",
,,"""196.251.116.69""","""kerewz.com""",
,,"""77.90.153.121""","""dev-testprvpgfextext2bdc1c5-pg1.postgres.database.azure.com""",
,,"""172.235.52.85""","""nickman12-46565.portmap.io""",
,,"""45.77.122.146""","""models-diesel.gl.at.ply.gg""",
,,"""172.235.52.85""","""chingru.direct.quickconnect.to""",
,,"""174.138.184.252""","""wedemkioa.duckdns.org""",
,,"""177.198.123.177""","""b1.discernchevron.world""",
,,"""157.254.167.29""","""weight-q.gl.at.ply.gg""",
,,"""155.138.226.4""","""dczip.duckdns.org""",
,,"""45.74.16.118""","""mannieha246.duckdns.org""",
,,"""67.205.141.81""","""www.holzbrenaaa.xyz""",
,,"""68.168.222.249""","""chido246.duckdns.org""",
,,"""68.168.222.249""","""www.holzbrenzii.com""",
,,"""91.242.229.83""","""www.holzbrenzzz.xyz""",
,,"""34.176.213.31""","""martin-servers.gl.at.ply.gg""",
,,"""16.171.61.189""","""shopping-bundle.gl.at.ply.gg""",
,,"""128.90.106.191""","""archives-cnet.gl.at.ply.gg""",
,,"""101.201.83.222""","""cpanel.productdevelopmentplan.com""",
,,"""117.72.102.110""","""8k8hj9277yjde.cfc-execute.bj.baidubce.com""",
,,"""157.230.218.246""","""event-time-microsoft.org""",
,,"""38.55.199.245""","""event-datamicrosoft.live""",
,,"""104.223.120.202""","""windows-msgas.com""",
,,"""103.176.197.6""","""eventdata-microsoft.live""",
,,"""103.176.197.6""","""varying-rentals-calgary-predict.trycloudflare.com""",
,,"""103.176.197.6""","""cdnhelofin.pro""",
,,"""103.199.100.130""","""michikodom.duckdns.org""",
,,"""94.180.178.106""","""mctannask-waiiet.io-ex1.xyz/en""",
,,"""45.80.158.55""","""security.fjaregarads.com""",
,,"""154.38.180.2""","""oswyka.com""",
,,"""94.154.173.151""","""phamtom.com.op-v4.world/en""",
,,"""74.104.205.212""","""114-34-241-92.hinet-ip.hinet.net""",
,,"""213.13.207.107""","""fls-na.rubyhall.in.net""",
,,"""154.246.3.228""","""ogs.accounts.rubyhall.in.net""",
,,"""124.222.111.244""","""www2.rubyhall.in.net""",
,,"""45.77.122.146""","""barniclespine.com""",
,,"""166.88.61.58""","""huxpurak.xjslsd.com""",
,,"""94.237.58.211""","""mujust.fenmila.me""",
,,"""52.197.160.186""","""cdn.panggexxx9823.top""",
,,"""40.177.103.163""","""b2.xs.mastermaths.com.sg""",
,,"""40.177.103.163""","""deepholeintheworld.com""",
,,"""107.150.0.5""","""newdayplss.duckdns.org""",
,,"""54.188.179.41""","""security-territory.gl.at.ply.gg""",
,,"""45.76.61.214""","""talk-chief.gl.at.ply.gg""",
,,"""74.208.123.9""","""skido.hopto.org""",
,,"""104.250.169.197""","""lohoainam2008-36048.portmap.io""",
,,"""209.94.56.16""","""noneeds.dynuddns.com""",
,,"""45.136.15.39""","""zip.mysynology.net""",
,,"""142.171.220.152""","""basefashionsbd.duckdns.org""",
,,"""1.94.183.238""","""www.screence.store""",
,,"""166.1.209.188""","""www.ferrylin.com""",
,,"""179.43.176.8""","""connectdadad.ddns.net""",
,,"""179.95.202.203""","""yzs-42879.portmap.host""",
,,"""16.162.253.247""","""dez3452-33187.portmap.host""",
,,"""3.143.108.51""","""microsoftsys.ddns.net""",
,,"""196.251.86.82""","""letsqooo-62766.portmap.host""",
,,"""118.26.38.52""","""tpinauskas-54803.portmap.host""",
,,"""38.49.53.149""","""dgost5.duckdns.org""",
,,"""206.238.196.177""","""top-inform.gl.at.ply.gg""",
,,"""206.238.115.30""","""folders.emeraldpinesolutions.com""",
,,"""206.238.196.177""","""profile.kerneltaskmanager.com""",
,,"""8.217.38.238""","""owa.kerneltaskmanager.com""",
,,"""38.240.33.97""","""kerneltaskmanager.com""",
,,"""185.156.175.35""","""28k85x5jb1k9a.cfc-execute.bj.baidubce.com""",
,,"""206.238.115.30""","""1357965137-hnjcoxitoz.ap-guangzhou.tencentscf.com""",
,,"""45.194.36.156""","""securityhealthsystray.ydns.eu""",
,,"""209.141.43.20""","""adiobast.icu""",
,,"""196.251.69.198""","""wmieventlogonlinehelp.ydns.eu""",
,,"""216.9.225.163""","""kamdum.duckdns.org""",
,,"""133.201.65.30""","""kamdumbk.duckdns.org""",
,,"""193.222.96.48""","""systemcopilotdriver.ydns.eu""",
,,"""132.232.61.21""","""rem.aaahorneswll.com""",
,,"""141.105.65.10""","""eyeagreement.info""",
,,"""138.124.60.33""","""ecs-1-94-41-160.compute.hwclouds-dns.com""",
,,"""117.209.24.243""","""imap.dkairsystems.com""",
,,"""181.214.48.110""","""arni110.painhealingcenter.com""",
,,"""39.100.87.179""","""ec2-100-25-215-41.compute-1.amazonaws.com""",
,,"""193.104.222.150""","""security.fhqreagurard.com""",
,,"""43.138.157.213""","""dovlica.com""",
,,"""212.69.167.73""","""devindicator.dev""",
,,"""204.152.223.120""","""webdatacache.com""",
,,"""148.135.101.111""","""owa.printermaintenanceservice.com""",
,,"""18.181.213.216""","""profile.printermaintenanceservice.com""",
,,"""43.205.228.162""","""ns3.ceshi897.cn""",
,,"""47.109.44.195""","""ns2.ceshi897.cn""",
,,"""103.136.150.48""","""ns1.ceshi897.cn""",
,,"""16.63.221.35""","""mail.printermaintenanceservice.com""",
,,"""52.66.137.138""","""cdn.feilvbing111.top""",
,,"""103.130.215.202""","""mythcc.evilpony.win""",
,,"""103.130.215.202""","""olympiwurer.biz""",
,,"""35.230.2.143""","""vmi1705427.contaboserver.net""",
,,"""146.190.239.152""","""s4ntiselac0m3-44679.portmap.io""",
,,"""102.46.109.60""","""am164aa.kro.kr""",
,,"""62.72.176.41""","""selectbackup.ddns.net""",
,,"""62.72.176.41""","""vselectbrasil.ddns.net""",
,,"""217.112.13.211""","""conhostlogsdown.sytes.net""",
,,"""34.41.146.20""","""apple-go.gl.at.ply.gg""",
,,"""89.111.169.116""","""would-pepper.gl.at.ply.gg""",
,,"""66.63.163.133""","""people-climbing.gl.at.ply.gg""",
,,"""15.161.48.49""","""kids-indeed.gl.at.ply.gg""",
,,"""16.62.128.106""","""wwwsec.top""",
,,"""80.27.56.224""","""search.2y3rn846.com""",
,,"""44.220.149.216""","""surfshark.pw""",
,,"""35.177.59.45""","""shallowrepurpose.top""",
,,"""37.13.26.52""","""f3.xo.mastermaths.com.sg""",
,,"""95.127.239.206""","""security.flinaregaozrd.com""",
,,"""5.205.207.203""","""faospe.com""",
,,"""51.17.167.100""","""onmolatori.icu""",
,,"""3.97.14.41""","""static.161.152.69.159.clients.your-server.de""",
,,"""178.62.85.153""","""photo.suziestuder.com""",
,,"""34.124.142.136""","""app2.symphoniabags.com""",
,,"""176.57.150.105""",,
,,"""139.162.180.23""",,
,,"""107.189.22.3""",,
,,"""178.20.46.26""",,
,,"""194.48.248.172""",,
,,"""176.65.138.50""",,
,,"""152.42.164.173""",,
,,"""51.68.199.104""",,
,,"""123.253.111.225""",,
,,"""188.68.32.43""",,
,,"""91.99.18.187""",,
,,"""85.215.55.232""",,
,,"""213.159.68.192""",,
,,"""172.237.156.81""",,
,,"""91.197.97.248""",,
,,"""172.86.80.140""",,
,,"""203.205.6.227""",,
,,"""80.78.25.121""",,
,,"""64.23.212.247""",,
,,"""83.147.17.228""",,
,,"""121.61.101.68""",,
,,"""47.93.216.2""",,
,,"""14.103.238.166""",,
,,"""1.94.62.205""",,
,,"""111.119.222.15""",,
,,"""217.154.212.25""",,
,,"""101.133.148.66""",,
,,"""117.72.211.24""",,
,,"""87.120.93.254""",,
,,"""109.120.137.128""",,
,,"""47.238.146.37""",,
,,"""47.238.146.37""",,
,,"""160.202.133.143""",,
,,"""38.255.49.23""",,
,,"""94.237.84.161""",,
,,"""79.241.100.4""",,
,,"""16.62.126.222""",,
,,"""43.208.75.92""",,
,,"""44.251.164.0""",,
,,"""27.255.75.137""",,
,,"""54.252.241.158""",,
,,"""139.59.181.253""",,
,,"""108.181.218.61""",,
,,"""175.27.224.166""",,
,,"""173.225.99.206""",,
,,"""181.131.216.154""",,
,,"""113.44.176.164""",,
,,"""1.94.183.238""",,
,,"""115.29.241.139""",,
,,"""182.92.116.91""",,
,,"""43.153.60.198""",,
,,"""8.213.236.2""",,
,,"""8.138.233.120""",,
,,"""196.251.71.39""",,
,,"""45.137.22.114""",,
,,"""77.93.152.4""",,
,,"""88.198.24.82""",,
,,"""196.251.66.225""",,
,,"""101.200.137.237""",,
,,"""185.156.72.25""",,
,,"""196.251.84.181""",,
,,"""185.241.208.254""",,
,,"""134.122.128.241""",,
,,"""70.31.125.78""",,
,,"""27.124.44.137""",,
,,"""104.37.4.115""",,
,,"""104.37.4.115""",,
,,"""104.37.4.115""",,
,,"""77.90.153.46""",,
,,"""194.48.142.120""",,
,,"""16.51.71.248""",,
,,"""18.226.52.101""",,
,,"""98.130.124.136""",,
,,"""3.35.206.79""",,
,,"""172.111.131.227""",,
,,"""185.125.50.92""",,
,,"""83.222.191.195""",,
,,"""182.254.138.198""",,
,,"""116.202.178.100""",,
,,"""15.168.37.141""",,
,,"""81.70.172.120""",,
,,"""47.121.122.68""",,
,,"""85.159.231.61""",,
,,"""1.94.145.116""",,
,,"""35.220.187.0""",,
,,"""88.214.25.195""",,
,,"""101.200.137.237""",,
,,"""139.185.52.242""",,
,,"""23.249.28.153""",,
,,"""3.135.34.124""",,
,,"""23.111.147.162""",,
,,"""45.8.145.113""",,
,,"""98.71.173.119""",,
,,"""81.181.111.41""",,
,,"""31.57.219.46""",,
,,"""45.138.16.34""",,
,,"""167.172.63.184""",,
,,"""54.235.2.186""",,
,,"""46.246.4.7""",,
,,"""34.19.15.84""",,
,,"""66.63.187.70""",,
,,"""8.137.113.57""",,
,,"""64.23.242.142""",,
,,"""47.122.113.29""",,
,,"""3.7.200.239""",,
,,"""89.169.181.136""",,
,,"""147.182.138.100""",,
,,"""31.97.8.97""",,
,,"""35.236.105.134""",,
,,"""13.39.82.249""",,
,,"""103.215.82.109""",,
,,"""167.71.89.247""",,
,,"""104.194.144.13""",,
,,"""15.207.1.43""",,
,,"""3.140.123.244""",,
,,"""3.130.155.71""",,
,,"""77.90.153.73""",,
,,"""45.74.10.208""",,
,,"""23.226.54.25""",,
,,"""196.251.116.140""",,
,,"""196.251.116.140""",,
,,"""186.169.36.120""",,
,,"""194.26.192.76""",,
,,"""3.145.32.11""",,
,,"""177.60.19.72""",,
,,"""154.83.92.128""",,
,,"""140.238.178.68""",,
,,"""213.139.50.179""",,
,,"""140.238.178.68""",,
,,"""144.172.114.220""",,
,,"""104.243.254.99""",,
,,"""94.72.109.180""",,
,,"""45.88.186.161""",,
,,"""121.36.73.30""",,
,,"""121.41.91.64""",,
,,"""176.126.85.26""",,
,,"""180.97.220.91""",,
,,"""5.253.247.131""",,
,,"""3.80.189.98""",,
,,"""185.196.9.158""",,
,,"""185.196.9.158""",,
,,"""185.196.9.158""",,
,,"""67.21.33.92""",,
,,"""211.211.45.214""",,
,,"""51.211.213.23""",,
,,"""49.88.156.34""",,
,,"""39.40.151.109""",,
,,"""38.179.64.207""",,
,,"""3.250.194.11""",,
,,"""189.140.14.39""",,
,,"""185.208.158.168""",,
,,"""182.30.78.72""",,
,,"""18.254.159.159""",,
,,"""16.64.20.11""",,
,,"""83.172.136.121""",,
,,"""45.153.126.129""",,
,,"""23.95.32.229""",,
,,"""77.90.153.79""",,
,,"""94.126.204.179""",,
,,"""13.239.251.147""",,
,,"""118.68.4.147""",,
,,"""64.137.9.118""",,
,,"""188.245.200.133""",,
,,"""128.90.113.126""",,
,,"""47.109.93.252""",,
,,"""111.119.200.33""",,
,,"""139.185.52.242""",,
,,"""185.236.203.114""",,
,,"""51.84.175.149""",,
,,"""51.44.221.26""",,
,,"""185.169.252.240""",,
,,"""128.90.113.126""",,
,,"""175.27.134.232""",,
,,"""18.188.62.216""",,
,,"""47.117.130.138""",,
,,"""23.137.255.85""",,
,,"""13.39.85.9""",,
,,"""88.119.171.163""",,
,,"""93.152.217.141""",,
,,"""155.133.26.179""",,
,,"""78.159.131.98""",,
,,"""80.79.6.185""",,
,,"""79.22.134.238""",,
,,"""47.96.255.66""",,
,,"""124.220.56.139""",,
,,"""1.94.102.145""",,
,,"""107.172.204.51""",,
,,"""176.124.222.100""",,
,,"""185.174.103.4""",,
,,"""192.30.240.103""",,
,,"""103.97.128.77""",,
,,"""185.196.10.251""",,
,,"""104.194.147.14""",,
,,"""166.88.182.124""",,
,,"""123.56.6.7""",,
,,"""104.223.120.202""",,
,,"""18.177.205.251""",,
,,"""196.251.117.162""",,
,,"""43.162.116.186""",,
,,"""54.87.56.61""",,
,,"""54.165.195.193""",,
,,"""172.94.96.143""",,
,,"""172.94.96.209""",,
,,"""45.153.125.232""",,
,,"""121.37.128.221""",,
,,"""47.100.16.83""",,
,,"""117.72.215.64""",,
,,"""38.55.129.94""",,
,,"""38.49.53.149""",,
,,"""217.165.152.49""",,
,,"""77.90.153.47""",,
,,"""113.45.177.81""",,
,,"""111.180.147.145""",,
,,"""18.237.76.155""",,
,,"""136.24.173.189""",,
,,"""37.59.116.79""",,
,,"""128.90.113.126""",,
,,"""194.15.112.204""",,
,,"""111.229.80.204""",,
,,"""111.229.80.204""",,
,,"""182.92.133.129""",,
,,"""196.251.66.225""",,
,,"""195.177.94.52""",,
,,"""198.55.98.172""",,
,,"""129.226.56.253""",,
,,"""39.104.16.175""",,
,,"""68.64.176.226""",,
,,"""59.110.6.250""",,
,,"""113.45.134.229""",,
,,"""132.232.166.80""",,
,,"""107.149.192.113""",,
,,"""107.149.192.58""",,
,,"""107.149.192.117""",,
,,"""47.110.140.85""",,
,,"""107.149.192.55""",,
,,"""3.249.153.175""",,
,,"""59.110.123.141""",,
,,"""107.149.192.56""",,
,,"""107.149.192.114""",,
,,"""217.28.130.61""",,
,,"""35.220.181.130""",,
,,"""45.32.62.45""",,
,,"""18.134.147.239""",,
,,"""205.189.160.169""",,
,,"""20.254.239.96""",,
,,"""13.246.19.167""",,
,,"""84.200.192.247""",,
,,"""13.229.39.24""",,
,,"""1.12.36.39""",,
,,"""130.61.155.50""",,
,,"""3.214.204.172""",,
,,"""31.220.99.126""",,
,,"""3.106.188.239""",,
,,"""91.99.166.161""",,
,,"""4.237.166.253""",,
,,"""66.94.115.148""",,
,,"""47.238.216.255""",,
,,"""35.207.194.117""",,
,,"""164.68.126.168""",,
,,"""15.152.49.131""",,
,,"""54.194.23.239""",,
,,"""8.152.205.213""",,
,,"""8.130.213.61""",,
,,"""178.62.240.194""",,
,,"""185.121.15.233""",,
,,"""80.78.31.17""",,
,,"""46.246.12.7""",,
,,"""46.246.12.7""",,
,,"""23.254.215.118""",,
,,"""45.74.10.160""",,
,,"""13.211.97.137""",,
,,"""8.153.174.77""",,
,,"""156.227.233.153""",,
,,"""8.138.23.192""",,
,,"""122.152.232.215""",,
,,"""45.144.136.111""",,
,,"""8.138.233.120""",,
,,"""122.228.214.99""",,
,,"""112.13.173.76""",,
,,"""107.149.192.115""",,
,,"""107.149.192.116""",,
,,"""101.66.162.82""",,
,,"""47.239.119.126""",,
,,"""103.171.35.150""",,
,,"""154.0.170.61""",,
,,"""43.205.192.238""",,
,,"""34.176.213.31""",,
,,"""185.125.50.72""",,
,,"""43.248.128.103""",,
,,"""38.165.20.186""",,
,,"""179.43.186.223""",,
,,"""185.241.208.247""",,
,,"""104.223.120.202""",,
,,"""182.16.78.242""",,
,,"""156.245.12.129""",,
,,"""92.116.89.198""",,
,,"""52.143.134.94""",,
,,"""35.152.189.99""",,
,,"""2.50.13.192""",,
,,"""156.244.14.177""",,
,,"""154.246.71.41""",,
,,"""150.136.49.213""",,
,,"""206.206.126.179""",,
,,"""43.198.187.252""",,
,,"""34.0.227.68""",,
,,"""103.190.107.26""",,
,,"""13.60.233.186""",,
,,"""45.8.159.172""",,
,,"""93.152.217.141""",,
,,"""184.75.208.178""",,
,,"""204.12.254.98""",,
,,"""204.12.254.98""",,
,,"""8.138.23.192""",,
,,"""196.251.117.166""",,
,,"""94.74.106.10""",,
,,"""15.168.13.231""",,
,,"""194.59.30.239""",,
,,"""81.43.20.0""",,
,,"""34.176.213.31""",,
,,"""164.68.120.30""",,
,,"""124.198.132.213""",,
,,"""132.232.166.80""",,
,,"""43.163.84.111""",,
,,"""216.9.225.221""",,
,,"""216.9.225.221""",,
,,"""85.203.4.68""",,
,,"""45.62.170.181""",,
,,"""23.146.184.117""",,
,,"""137.184.144.245""",,
,,"""73.62.14.5""",,
,,"""182.253.58.75""",,
,,"""89.10.178.51""",,
,,"""154.22.5.243""",,
,,"""45.88.91.254""",,
,,"""120.27.235.78""",,
,,"""107.149.192.57""",,
,,"""107.149.192.54""",,
,,"""104.223.120.202""",,
,,"""94.158.245.135""",,
,,"""216.144.227.103""",,
,,"""179.43.186.224""",,
,,"""41.36.84.42""",,
,,"""167.99.244.140""",,
,,"""23.227.203.244""",,
,,"""155.133.26.179""",,
,,"""185.149.24.141""",,
,,"""95.215.204.85""",,
,,"""106.52.239.89""",,
,,"""95.182.101.66""",,
,,"""123.56.6.7""",,
,,"""95.211.43.236""",,
,,"""70.31.125.48""",,
,,"""67.61.43.148""",,
,,"""51.211.213.23""",,
,,"""51.15.193.108""",,
,,"""209.137.201.20""",,
,,"""107.174.88.61""",,
,,"""72.155.88.31""",,
,,"""107.174.88.61""",,
,,"""1.94.247.165""",,
,,"""38.181.219.238""",,
,,"""106.53.115.217""",,
,,"""121.36.62.154""",,
,,"""150.158.46.102""",,
,,"""95.142.45.249""",,
,,"""157.230.34.254""",,
,,"""44.251.164.0""",,
,,"""75.69.164.4""",,
,,"""172.94.96.144""",,
,,"""188.166.236.93""",,
,,"""156.227.233.153""",,
,,"""39.106.152.200""",,
,,"""196.251.117.41""",,
,,"""121.37.190.172""",,
,,"""196.251.117.41""",,
,,"""47.94.91.13""",,
,,"""54.211.223.112""",,
,,"""195.186.208.193""",,
,,"""20.89.73.220""",,
,,"""123.60.55.180""",,
,,"""4.201.115.65""",,
,,"""154.9.25.38""",,
,,"""95.129.235.106""",,
,,"""66.179.92.184""",,
,,"""45.138.16.246""",,
,,"""45.138.16.246""",,
,,"""45.138.16.246""",,
,,"""91.92.46.12""",,
,,"""107.175.87.229""",,
,,"""52.58.136.199""",,
,,"""52.58.136.199""",,
,,"""102.209.68.150""",,
,,"""82.147.84.186""",,
,,"""176.98.185.91""",,
,,"""3.138.37.3""",,
,,"""52.77.254.163""",,
,,"""84.200.192.247""",,
,,"""178.172.172.205""",,
,,"""61.178.200.6""",,
,,"""13.204.83.93""",,
,,"""139.59.46.33""",,
,,"""61.178.200.12""",,
,,"""95.130.160.253""",,
,,"""13.210.249.235""",,
,,"""45.192.176.104""",,
,,"""3.98.131.98""",,
,,"""194.68.225.195""",,
,,"""77.232.41.51""",,
,,"""77.232.41.51""",,
,,"""77.232.41.51""",,
,,"""195.82.146.92""",,
,,"""196.251.66.55""",,
,,"""196.251.69.173""",,
,,"""63.177.241.22""",,
,,"""13.158.139.252""",,
,,"""77.90.153.88""",,
,,"""156.244.1.13""",,
,,"""16.16.28.179""",,
,,"""16.16.28.179""",,
,,"""3.36.127.61""",,
,,"""83.147.247.70""",,
,,"""35.170.185.100""",,
,,"""91.92.46.12""",,
,,"""139.59.16.42""",,
,,"""160.25.7.240""",,
,,"""139.59.16.42""",,
,,"""160.25.7.240""",,
,,"""196.251.88.108""",,
,,"""34.85.142.2""",,
,,"""158.180.231.221""",,
,,"""194.59.30.68""",,
,,"""42.51.40.191""",,
,,"""113.45.148.46""",,
,,"""47.102.209.177""",,
,,"""62.234.153.73""",,
,,"""115.190.74.103""",,
,,"""31.59.185.111""",,
,,"""23.226.54.31""",,
,,"""20.2.91.65""",,
,,"""154.219.109.205""",,
,,"""146.56.229.241""",,
,,"""146.70.113.140""",,
,,"""124.222.74.146""",,
,,"""124.222.114.76""",,
,,"""110.40.147.170""",,
,,"""104.223.120.202""",,
,,"""188.212.158.75""",,
,,"""107.172.232.92""",,
,,"""121.36.94.149""",,
,,"""196.251.70.223""",,
,,"""85.117.242.6""",,
,,"""8.213.236.2""",,
,,"""182.16.26.82""",,
,,"""8.218.93.187""",,
,,"""212.67.17.43""",,
,,"""154.91.85.70""",,
,,"""8.130.113.207""",,
,,"""46.246.165.122""",,
,,"""34.206.244.60""",,
,,"""193.32.151.21""",,
,,"""144.172.101.161""",,
,,"""139.9.190.100""",,
,,"""176.96.131.92""",,
,,"""54.87.185.33""",,
,,"""54.87.185.33""",,
,,"""18.100.124.119""",,
,,"""185.72.199.101""",,
,,"""208.91.189.7""",,
,,"""154.49.3.1""",,
,,"""196.251.83.225""",,
,,"""104.36.83.230""",,
,,"""196.251.88.113""",,
,,"""107.174.88.61""",,
,,"""23.226.54.38""",,
,,"""196.251.117.41""",,
,,"""185.208.158.168""",,
,,"""45.141.233.187""",,
,,"""185.156.72.89""",,
,,"""185.156.72.8""",,
,,"""8.138.147.68""",,
,,"""77.90.153.86""",,
,,"""3.86.105.71""",,
,,"""13.211.207.49""",,
,,"""176.46.157.33""",,
,,"""45.80.158.80""",,
,,"""77.83.207.163""",,
,,"""196.251.80.237""",,
,,"""119.91.227.214""",,
,,"""5.129.211.88""",,
,,"""20.107.53.25""",,
,,"""151.177.61.79""",,
,,"""18.230.228.127""",,
,,"""196.251.83.192""",,
,,"""161.77.75.195""",,
,,"""196.251.81.214""",,
,,"""179.52.210.122""",,
,,"""179.52.210.122""",,
,,"""23.226.54.77""",,
,,"""154.9.242.87""",,
,,"""216.9.224.122""",,
,,"""216.9.224.122""",,
,,"""103.243.27.247""",,
,,"""99.83.209.160""",,
,,"""75.2.11.125""",,
,,"""101.43.161.91""",,
,,"""91.84.109.91""",,
,,"""54.154.62.82""",,
,,"""93.232.106.230""",,
,,"""185.216.116.234""",,
,,"""61.4.109.91""",,
,,"""102.117.168.208""",,
,,"""196.251.87.27""",,
,,"""64.227.123.59""",,
,,"""185.156.72.28""",,
,,"""195.3.223.146""",,
,,"""43.162.114.79""",,
,,"""45.138.16.246""",,
,,"""198.23.223.131""",,
,,"""119.91.227.214""",,
,,"""106.13.74.33""",,
,,"""107.175.158.208""",,
,,"""107.175.158.208""",,
,,"""112.126.95.177""",,
,,"""31.46.251.137""",,
,,"""196.251.81.212""",,
,,"""116.202.176.52""",,
,,"""195.201.254.239""",,
,,"""221.165.219.73""",,
,,"""47.251.102.141""",,
,,"""88.252.167.136""",,
,,"""119.45.115.168""",,
,,"""1.94.134.92""",,
,,"""113.44.139.80""",,
,,"""124.220.205.147""",,
,,"""121.36.62.154""",,
,,"""47.109.145.121""",,
,,"""91.142.78.216""",,
,,"""31.57.219.16""",,
,,"""23.226.54.25""",,
,,"""23.226.54.77""",,
,,"""46.101.114.218""",,
,,"""154.219.107.192""",,
,,"""75.69.164.4""",,
,,"""144.172.96.106""",,
,,"""39.104.49.132""",,
,,"""144.172.96.106""",,
,,"""51.210.182.99""",,
,,"""122.112.217.26""",,
,,"""47.130.80.88""",,
,,"""93.99.104.9""",,
,,"""54.185.39.125""",,
,,"""35.82.232.130""",,
,,"""177.93.133.229""",,
,,"""31.97.8.97""",,
,,"""44.241.58.88""",,
,,"""13.125.238.0""",,
,,"""188.245.74.229""",,
,,"""136.243.148.42""",,
,,"""181.4.188.28""",,
,,"""185.142.53.233""",,
,,"""77.110.115.191""",,
,,"""23.27.134.21""",,
,,"""43.139.185.214""",,
,,"""196.251.117.41""",,
,,"""154.205.147.110""",,
,,"""18.182.3.254""",,
,,"""3.96.153.247""",,
,,"""51.92.135.136""",,
,,"""196.251.71.222""",,
,,"""77.83.207.163""",,
,,"""88.198.15.183""",,
,,"""194.5.212.164""",,
,,"""54.160.149.207""",,
,,"""46.19.46.99""",,
,,"""73.234.3.3""",,
,,"""185.167.234.157""",,
,,"""34.61.138.114""",,
,,"""157.230.178.249""",,
,,"""43.162.114.79""",,
,,"""23.226.54.63""",,
,,"""39.105.169.190""",,
